2025-10-18 23:00:51 +0000  Initial pipeline context: <IDEDistributionProcessingPipelineContext: 0x7fa64e4f8310; archive(resolved)="<IDEArchive: 0x60001417b800>", distributionTask(resolved)="2", distributionDestination(resolved)="1", distributionMethod(resolved)="<IDEDistributionMethodiOSAdHoc: 0x60000a828270>", team(resolved)="<IDEProvisioningDisambiguatableBasicTeam: 0x60000356e980; teamID='Q85MP6C4D8', teamName='Jamal Al Hosani', teamType='Individual', username='info@haroonadvisors.com', isFreeProvisioningTeam='0'>">
	Chain (16, self inclusive):
	<IDEDistributionProcessingPipelineContext: 0x7fa64e4f8310; archive = "<IDEArchive: 0x60001417b800>", distributionMethod="<IDEDistributionMethodiOSAdHoc: 0x60000a828270>", team="<IDEProvisioningDisambiguatableBasicTeam: 0x60000356e980; teamID='Q85MP6C4D8', teamName='Jamal Al Hosani', teamType='Individual', username='info@haroonadvisors.com', isFreeProvisioningTeam='0'>">
	<IDEDistributionProcessingPipelineContext: 0x7fa6482196a0; archive = "<IDEArchive: 0x60001417b800>", distributionMethod="<IDEDistributionMethodiOSAdHoc: 0x60000a828270>", team="<IDEProvisioningDisambiguatableBasicTeam: 0x60000356e980; teamID='Q85MP6C4D8', teamName='Jamal Al Hosani', teamType='Individual', username='info@haroonadvisors.com', isFreeProvisioningTeam='0'>">
	<IDEDistributionContext: 0x7fa64fd1d440; archive = "<IDEArchive: 0x60001417b800>", distributionMethod="<IDEDistributionMethodiOSAdHoc: 0x60000a828270>", team="<IDEProvisioningDisambiguatableBasicTeam: 0x60000356e980; teamID='Q85MP6C4D8', teamName='Jamal Al Hosani', teamType='Individual', username='info@haroonadvisors.com', isFreeProvisioningTeam='0'>">
	<IDEDistributionContext: 0x7fa64fd2ff40; archive = "<IDEArchive: 0x60001417b800>", distributionMethod="<IDEDistributionMethodiOSAdHoc: 0x60000a828270>", team="<IDEProvisioningDisambiguatableBasicTeam: 0x60000356e980; teamID='Q85MP6C4D8', teamName='Jamal Al Hosani', teamType='Individual', username='info@haroonadvisors.com', isFreeProvisioningTeam='0'>">
	<IDEDistributionContext: 0x7fa64fd2fd30; archive = "<IDEArchive: 0x60001417b800>", distributionMethod="<IDEDistributionMethodiOSAdHoc: 0x60000a828270>", team="<IDEProvisioningDisambiguatableBasicTeam: 0x60000356e980; teamID='Q85MP6C4D8', teamName='Jamal Al Hosani', teamType='Individual', username='info@haroonadvisors.com', isFreeProvisioningTeam='0'>">
	<IDEDistributionContext: 0x7fa64fd2fb20; archive = "<IDEArchive: 0x60001417b800>", distributionMethod="<IDEDistributionMethodiOSAdHoc: 0x60000a828270>", team="<IDEProvisioningDisambiguatableBasicTeam: 0x60000356e980; teamID='Q85MP6C4D8', teamName='Jamal Al Hosani', teamType='Individual', username='info@haroonadvisors.com', isFreeProvisioningTeam='0'>">
	<IDEDistributionContext: 0x7fa64fd4ffe0; archive = "<IDEArchive: 0x60001417b800>", distributionMethod="<IDEDistributionMethodiOSAdHoc: 0x60000a828270>", team="<IDEProvisioningDisambiguatableBasicTeam: 0x60000356e980; teamID='Q85MP6C4D8', teamName='Jamal Al Hosani', teamType='Individual', username='info@haroonadvisors.com', isFreeProvisioningTeam='0'>">
	<IDEDistributionContext: 0x7fa64e4fb5a0; archive = "<IDEArchive: 0x60001417b800>", distributionMethod="<IDEDistributionMethodiOSAdHoc: 0x60000a828270>", team="<IDEProvisioningDisambiguatableBasicTeam: 0x60000356e980; teamID='Q85MP6C4D8', teamName='Jamal Al Hosani', teamType='Individual', username='info@haroonadvisors.com', isFreeProvisioningTeam='0'>">
	<IDEDistributionContext: 0x7fa64fd44090; archive = "<IDEArchive: 0x60001417b800>", distributionMethod="<IDEDistributionMethodiOSAdHoc: 0x60000a828270>", team="<IDEProvisioningDisambiguatableBasicTeam: 0x60000356e980; teamID='Q85MP6C4D8', teamName='Jamal Al Hosani', teamType='Individual', username='info@haroonadvisors.com', isFreeProvisioningTeam='0'>">
	<IDEDistributionContext: 0x7fa64fd43e80; archive = "<IDEArchive: 0x60001417b800>", distributionMethod="<IDEDistributionMethodiOSAdHoc: 0x60000a828270>", team="(null)">
	<IDEDistributionContext: 0x7fa64fd43c70; archive = "<IDEArchive: 0x60001417b800>", distributionMethod="<IDEDistributionMethodiOSAdHoc: 0x60000a828270>", team="(null)">
	<IDEDistributionContext: 0x7fa64b9cf0a0; archive = "<IDEArchive: 0x60001417b800>", distributionMethod="<IDEDistributionMethodiOSAdHoc: 0x60000a828270>", team="(null)">
	<IDEDistributionContext: 0x7fa64e4c3fd0; archive = "<IDEArchive: 0x60001417b800>", distributionMethod="<IDEDistributionMethodiOSAdHoc: 0x60000a828270>", team="(null)">
	<IDEDistributionContext: 0x7fa64fd39f80; archive = "<IDEArchive: 0x60001417b800>", distributionMethod="(null)", team="(null)">
	<IDEDistributionContext: 0x7fa64b733f60; archive = "<IDEArchive: 0x60001417b800>", distributionMethod="(null)", team="(null)">
	<IDEDistributionContext: 0x7fa66363d0e0; archive = "<IDEArchive: 0x60001417b800>", distributionMethod="(null)", team="(null)">
</IDEDistributionProcessingPipelineContext: 0x7fa64e4f8310>
2025-10-18 23:00:51 +0000  Processing step: IDEDistributionCreateDestRootStep
2025-10-18 23:00:51 +0000  Processing step: IDEDistributionCopyItemStep
2025-10-18 23:00:51 +0000  Running /usr/bin/ditto '-V' '/Users/andrewsimon/Library/Developer/Xcode/Archives/2025-10-19/HaroonAdvisors 19-10-2025, 3.28 AM.xcarchive/Products/Applications/HaroonAdvisors.app' '/var/folders/mg/p_q2g1016s35lb8qsk419hjc0000gn/T/XcodeDistPipeline.~~~5APKi8/Root/Payload/HaroonAdvisors.app'
2025-10-18 23:00:51 +0000  >>> Copying /Users/andrewsimon/Library/Developer/Xcode/Archives/2025-10-19/HaroonAdvisors 19-10-2025, 3.28 AM.xcarchive/Products/Applications/HaroonAdvisors.app 
2025-10-18 23:00:51 +0000  copying file ./_CodeSignature/CodeResources ... 
2025-10-18 23:00:51 +0000  110617 bytes for ./_CodeSignature/CodeResources
2025-10-18 23:00:51 +0000  copying file ./SplashScreen.storyboardc/EXPO-VIEWCONTROLLER-1-view-EXPO-ContainerView.nib ... 
2025-10-18 23:00:51 +0000  2024 bytes for ./SplashScreen.storyboardc/EXPO-VIEWCONTROLLER-1-view-EXPO-ContainerView.nib
2025-10-18 23:00:51 +0000  copying file ./SplashScreen.storyboardc/SplashScreenViewController.nib ... 
2025-10-18 23:00:51 +0000  1004 bytes for ./SplashScreen.storyboardc/SplashScreenViewController.nib
2025-10-18 23:00:51 +0000  copying file ./SplashScreen.storyboardc/Info.plist ... 
2025-10-18 23:00:51 +0000  225 bytes for ./SplashScreen.storyboardc/Info.plist
2025-10-18 23:00:51 +0000  copying file ./HaroonAdvisors ... 
2025-10-18 23:00:51 +0000  10946304 bytes for ./HaroonAdvisors
2025-10-18 23:00:51 +0000  copying file ./ExpoSystemUI_privacy.bundle/PrivacyInfo.xcprivacy ... 
2025-10-18 23:00:51 +0000  607 bytes for ./ExpoSystemUI_privacy.bundle/PrivacyInfo.xcprivacy
copying file ./ExpoSystemUI_privacy.bundle/Info.plist ... 
2025-10-18 23:00:51 +0000  789 bytes for ./ExpoSystemUI_privacy.bundle/Info.plist
2025-10-18 23:00:51 +0000  copying file ./glog_privacy.bundle/Info.plist ... 
2025-10-18 23:00:51 +0000  771 bytes for ./glog_privacy.bundle/Info.plist
2025-10-18 23:00:51 +0000  copying file ./ExpoLocalization_privacy.bundle/PrivacyInfo.xcprivacy ... 
2025-10-18 23:00:51 +0000  607 bytes for ./ExpoLocalization_privacy.bundle/PrivacyInfo.xcprivacy
copying file ./ExpoLocalization_privacy.bundle/Info.plist ... 
2025-10-18 23:00:51 +0000  798 bytes for ./ExpoLocalization_privacy.bundle/Info.plist
2025-10-18 23:00:51 +0000  copying file ./AppIcon60x60@2x.png ... 
2025-10-18 23:00:51 +0000  5536 bytes for ./AppIcon60x60@2x.png
2025-10-18 23:00:51 +0000  copying file ./ExpoConstants_privacy.bundle/PrivacyInfo.xcprivacy ... 
2025-10-18 23:00:51 +0000  607 bytes for ./ExpoConstants_privacy.bundle/PrivacyInfo.xcprivacy
2025-10-18 23:00:51 +0000  copying file ./ExpoConstants_privacy.bundle/Info.plist ... 
2025-10-18 23:00:51 +0000  792 bytes for ./ExpoConstants_privacy.bundle/Info.plist
2025-10-18 23:00:51 +0000  copying file ./React-cxxreact_privacy.bundle/PrivacyInfo.xcprivacy ... 
2025-10-18 23:00:51 +0000  552 bytes for ./React-cxxreact_privacy.bundle/PrivacyInfo.xcprivacy
copying file ./React-cxxreact_privacy.bundle/Info.plist ... 
2025-10-18 23:00:51 +0000  794 bytes for ./React-cxxreact_privacy.bundle/Info.plist
2025-10-18 23:00:51 +0000  copying file ./GTMAppAuth_Privacy.bundle/PrivacyInfo.xcprivacy ... 
2025-10-18 23:00:51 +0000  373 bytes for ./GTMAppAuth_Privacy.bundle/PrivacyInfo.xcprivacy
copying file ./GTMAppAuth_Privacy.bundle/Info.plist ... 
2025-10-18 23:00:51 +0000  785 bytes for ./GTMAppAuth_Privacy.bundle/Info.plist
2025-10-18 23:00:51 +0000  copying file ./ExpoApplication_privacy.bundle/PrivacyInfo.xcprivacy ... 
2025-10-18 23:00:51 +0000  608 bytes for ./ExpoApplication_privacy.bundle/PrivacyInfo.xcprivacy
2025-10-18 23:00:51 +0000  copying file ./ExpoApplication_privacy.bundle/Info.plist ... 
2025-10-18 23:00:51 +0000  795 bytes for ./ExpoApplication_privacy.bundle/Info.plist
2025-10-18 23:00:51 +0000  copying file ./Toast.bundle/PrivacyInfo.xcprivacy ... 
2025-10-18 23:00:51 +0000  372 bytes for ./Toast.bundle/PrivacyInfo.xcprivacy
2025-10-18 23:00:51 +0000  copying file ./Toast.bundle/Info.plist ... 
2025-10-18 23:00:51 +0000  757 bytes for ./Toast.bundle/Info.plist
2025-10-18 23:00:51 +0000  copying file ./GTMSessionFetcher_Core_Privacy.bundle/PrivacyInfo.xcprivacy ... 
2025-10-18 23:00:51 +0000  598 bytes for ./GTMSessionFetcher_Core_Privacy.bundle/PrivacyInfo.xcprivacy
2025-10-18 23:00:51 +0000  copying file ./GTMSessionFetcher_Core_Privacy.bundle/Info.plist ... 
2025-10-18 23:00:51 +0000  809 bytes for ./GTMSessionFetcher_Core_Privacy.bundle/Info.plist
2025-10-18 23:00:51 +0000  copying file ./GoogleSignIn.bundle/de.lproj/GoogleSignIn.strings ... 
2025-10-18 23:00:51 +0000  1703 bytes for ./GoogleSignIn.bundle/de.lproj/GoogleSignIn.strings
2025-10-18 23:00:51 +0000  copying file ./GoogleSignIn.bundle/he.lproj/GoogleSignIn.strings ... 
2025-10-18 23:00:51 +0000  1780 bytes for ./GoogleSignIn.bundle/he.lproj/GoogleSignIn.strings
2025-10-18 23:00:51 +0000  copying file ./GoogleSignIn.bundle/ar.lproj/GoogleSignIn.strings ... 
2025-10-18 23:00:51 +0000  1759 bytes for ./GoogleSignIn.bundle/ar.lproj/GoogleSignIn.strings
2025-10-18 23:00:51 +0000  copying file ./GoogleSignIn.bundle/el.lproj/GoogleSignIn.strings ... 
2025-10-18 23:00:51 +0000  2103 bytes for ./GoogleSignIn.bundle/el.lproj/GoogleSignIn.strings
2025-10-18 23:00:51 +0000  copying file ./GoogleSignIn.bundle/ja.lproj/GoogleSignIn.strings ... 
2025-10-18 23:00:51 +0000  1711 bytes for ./GoogleSignIn.bundle/ja.lproj/GoogleSignIn.strings
2025-10-18 23:00:51 +0000  copying file ./GoogleSignIn.bundle/en.lproj/GoogleSignIn.strings ... 
2025-10-18 23:00:51 +0000  1547 bytes for ./GoogleSignIn.bundle/en.lproj/GoogleSignIn.strings
2025-10-18 23:00:51 +0000  copying file ./GoogleSignIn.bundle/uk.lproj/GoogleSignIn.strings ... 
2025-10-18 23:00:51 +0000  1864 bytes for ./GoogleSignIn.bundle/uk.lproj/GoogleSignIn.strings
2025-10-18 23:00:51 +0000  copying file ./GoogleSignIn.bundle/es_MX.lproj/GoogleSignIn.strings ... 
2025-10-18 23:00:51 +0000  1607 bytes for ./GoogleSignIn.bundle/es_MX.lproj/GoogleSignIn.strings
2025-10-18 23:00:51 +0000  copying file ./GoogleSignIn.bundle/zh_CN.lproj/GoogleSignIn.strings ... 
2025-10-18 23:00:51 +0000  1489 bytes for ./GoogleSignIn.bundle/zh_CN.lproj/GoogleSignIn.strings
2025-10-18 23:00:51 +0000  copying file ./GoogleSignIn.bundle/nb.lproj/GoogleSignIn.strings ... 
2025-10-18 23:00:51 +0000  1593 bytes for ./GoogleSignIn.bundle/nb.lproj/GoogleSignIn.strings
2025-10-18 23:00:51 +0000  copying file ./GoogleSignIn.bundle/es.lproj/GoogleSignIn.strings ... 
2025-10-18 23:00:51 +0000  1678 bytes for ./GoogleSignIn.bundle/es.lproj/GoogleSignIn.strings
2025-10-18 23:00:51 +0000  copying file ./GoogleSignIn.bundle/pt_BR.lproj/GoogleSignIn.strings ... 
2025-10-18 23:00:51 +0000  1608 bytes for ./GoogleSignIn.bundle/pt_BR.lproj/GoogleSignIn.strings
2025-10-18 23:00:51 +0000  copying file ./GoogleSignIn.bundle/da.lproj/GoogleSignIn.strings ... 
2025-10-18 23:00:51 +0000  1611 bytes for ./GoogleSignIn.bundle/da.lproj/GoogleSignIn.strings
2025-10-18 23:00:51 +0000  copying file ./GoogleSignIn.bundle/it.lproj/GoogleSignIn.strings ... 
2025-10-18 23:00:51 +0000  1570 bytes for ./GoogleSignIn.bundle/it.lproj/GoogleSignIn.strings
2025-10-18 23:00:51 +0000  copying file ./GoogleSignIn.bundle/sk.lproj/GoogleSignIn.strings ... 
2025-10-18 23:00:51 +0000  1665 bytes for ./GoogleSignIn.bundle/sk.lproj/GoogleSignIn.strings
2025-10-18 23:00:51 +0000  copying file ./GoogleSignIn.bundle/pt_PT.lproj/GoogleSignIn.strings ... 
2025-10-18 23:00:51 +0000  1646 bytes for ./GoogleSignIn.bundle/pt_PT.lproj/GoogleSignIn.strings
2025-10-18 23:00:51 +0000  copying file ./GoogleSignIn.bundle/google@3x.png ... 
2025-10-18 23:00:51 +0000  1773 bytes for ./GoogleSignIn.bundle/google@3x.png
2025-10-18 23:00:51 +0000  copying file ./GoogleSignIn.bundle/ms.lproj/GoogleSignIn.strings ... 
2025-10-18 23:00:51 +0000  1565 bytes for ./GoogleSignIn.bundle/ms.lproj/GoogleSignIn.strings
2025-10-18 23:00:51 +0000  copying file ./GoogleSignIn.bundle/sv.lproj/GoogleSignIn.strings ... 
2025-10-18 23:00:51 +0000  1579 bytes for ./GoogleSignIn.bundle/sv.lproj/GoogleSignIn.strings
2025-10-18 23:00:51 +0000  copying file ./GoogleSignIn.bundle/cs.lproj/GoogleSignIn.strings ... 
2025-10-18 23:00:51 +0000  1615 bytes for ./GoogleSignIn.bundle/cs.lproj/GoogleSignIn.strings
2025-10-18 23:00:51 +0000  copying file ./GoogleSignIn.bundle/google@2x.png ... 
2025-10-18 23:00:51 +0000  1166 bytes for ./GoogleSignIn.bundle/google@2x.png
2025-10-18 23:00:51 +0000  copying file ./GoogleSignIn.bundle/ko.lproj/GoogleSignIn.strings ... 
2025-10-18 23:00:51 +0000  1634 bytes for ./GoogleSignIn.bundle/ko.lproj/GoogleSignIn.strings
2025-10-18 23:00:51 +0000  copying file ./GoogleSignIn.bundle/hu.lproj/GoogleSignIn.strings ... 
2025-10-18 23:00:51 +0000  1663 bytes for ./GoogleSignIn.bundle/hu.lproj/GoogleSignIn.strings
2025-10-18 23:00:51 +0000  copying file ./GoogleSignIn.bundle/tr.lproj/GoogleSignIn.strings ... 
2025-10-18 23:00:51 +0000  1596 bytes for ./GoogleSignIn.bundle/tr.lproj/GoogleSignIn.strings
2025-10-18 23:00:51 +0000  copying file ./GoogleSignIn.bundle/pl.lproj/GoogleSignIn.strings ... 
2025-10-18 23:00:51 +0000  1578 bytes for ./GoogleSignIn.bundle/pl.lproj/GoogleSignIn.strings
2025-10-18 23:00:51 +0000  copying file ./GoogleSignIn.bundle/zh_TW.lproj/GoogleSignIn.strings ... 
2025-10-18 23:00:51 +0000  1525 bytes for ./GoogleSignIn.bundle/zh_TW.lproj/GoogleSignIn.strings
2025-10-18 23:00:51 +0000  copying file ./GoogleSignIn.bundle/en_GB.lproj/GoogleSignIn.strings ... 
2025-10-18 23:00:51 +0000  1547 bytes for ./GoogleSignIn.bundle/en_GB.lproj/GoogleSignIn.strings
2025-10-18 23:00:51 +0000  copying file ./GoogleSignIn.bundle/vi.lproj/GoogleSignIn.strings ... 
2025-10-18 23:00:51 +0000  1717 bytes for ./GoogleSignIn.bundle/vi.lproj/GoogleSignIn.strings
2025-10-18 23:00:51 +0000  copying file ./GoogleSignIn.bundle/PrivacyInfo.xcprivacy ... 
2025-10-18 23:00:51 +0000  3756 bytes for ./GoogleSignIn.bundle/PrivacyInfo.xcprivacy
2025-10-18 23:00:51 +0000  copying file ./GoogleSignIn.bundle/ru.lproj/GoogleSignIn.strings ... 
2025-10-18 23:00:51 +0000  1954 bytes for ./GoogleSignIn.bundle/ru.lproj/GoogleSignIn.strings
2025-10-18 23:00:51 +0000  copying file ./GoogleSignIn.bundle/fr_CA.lproj/GoogleSignIn.strings ... 
2025-10-18 23:00:51 +0000  1657 bytes for ./GoogleSignIn.bundle/fr_CA.lproj/GoogleSignIn.strings
2025-10-18 23:00:51 +0000  copying file ./GoogleSignIn.bundle/fr.lproj/GoogleSignIn.strings ... 
2025-10-18 23:00:51 +0000  1676 bytes for ./GoogleSignIn.bundle/fr.lproj/GoogleSignIn.strings
2025-10-18 23:00:51 +0000  copying file ./GoogleSignIn.bundle/fi.lproj/GoogleSignIn.strings ... 
2025-10-18 23:00:51 +0000  1640 bytes for ./GoogleSignIn.bundle/fi.lproj/GoogleSignIn.strings
2025-10-18 23:00:51 +0000  copying file ./GoogleSignIn.bundle/id.lproj/GoogleSignIn.strings ... 
2025-10-18 23:00:51 +0000  1553 bytes for ./GoogleSignIn.bundle/id.lproj/GoogleSignIn.strings
2025-10-18 23:00:51 +0000  copying file ./GoogleSignIn.bundle/nl.lproj/GoogleSignIn.strings ... 
2025-10-18 23:00:51 +0000  1606 bytes for ./GoogleSignIn.bundle/nl.lproj/GoogleSignIn.strings
2025-10-18 23:00:51 +0000  copying file ./GoogleSignIn.bundle/th.lproj/GoogleSignIn.strings ... 
2025-10-18 23:00:51 +0000  2133 bytes for ./GoogleSignIn.bundle/th.lproj/GoogleSignIn.strings
2025-10-18 23:00:51 +0000  copying file ./GoogleSignIn.bundle/pt.lproj/GoogleSignIn.strings ... 
2025-10-18 23:00:51 +0000  1608 bytes for ./GoogleSignIn.bundle/pt.lproj/GoogleSignIn.strings
2025-10-18 23:00:51 +0000  copying file ./GoogleSignIn.bundle/google.png ... 
2025-10-18 23:00:51 +0000  643 bytes for ./GoogleSignIn.bundle/google.png
copying file ./GoogleSignIn.bundle/Roboto-Bold.ttf ... 
2025-10-18 23:00:51 +0000  127744 bytes for ./GoogleSignIn.bundle/Roboto-Bold.ttf
2025-10-18 23:00:51 +0000  copying file ./GoogleSignIn.bundle/ro.lproj/GoogleSignIn.strings ... 
2025-10-18 23:00:51 +0000  1598 bytes for ./GoogleSignIn.bundle/ro.lproj/GoogleSignIn.strings
2025-10-18 23:00:51 +0000  copying file ./GoogleSignIn.bundle/Info.plist ... 
2025-10-18 23:00:51 +0000  771 bytes for ./GoogleSignIn.bundle/Info.plist
2025-10-18 23:00:51 +0000  copying file ./GoogleSignIn.bundle/hr.lproj/GoogleSignIn.strings ... 
2025-10-18 23:00:51 +0000  1621 bytes for ./GoogleSignIn.bundle/hr.lproj/GoogleSignIn.strings
2025-10-18 23:00:51 +0000  copying file ./GoogleSignIn.bundle/hi.lproj/GoogleSignIn.strings ... 
2025-10-18 23:00:51 +0000  2286 bytes for ./GoogleSignIn.bundle/hi.lproj/GoogleSignIn.strings
2025-10-18 23:00:51 +0000  copying file ./GoogleSignIn.bundle/ca.lproj/GoogleSignIn.strings ... 
2025-10-18 23:00:51 +0000  1669 bytes for ./GoogleSignIn.bundle/ca.lproj/GoogleSignIn.strings
2025-10-18 23:00:51 +0000  copying file ./RCT-Folly_privacy.bundle/Info.plist ... 
2025-10-18 23:00:51 +0000  786 bytes for ./RCT-Folly_privacy.bundle/Info.plist
2025-10-18 23:00:51 +0000  copying file ./RNPermissionsPrivacyInfo.bundle/PrivacyInfo.xcprivacy ... 
2025-10-18 23:00:51 +0000  598 bytes for ./RNPermissionsPrivacyInfo.bundle/PrivacyInfo.xcprivacy
copying file ./RNPermissionsPrivacyInfo.bundle/Info.plist ... 
2025-10-18 23:00:51 +0000  797 bytes for ./RNPermissionsPrivacyInfo.bundle/Info.plist
2025-10-18 23:00:51 +0000  copying file ./Assets.car ... 
2025-10-18 23:00:51 +0000  158175 bytes for ./Assets.car
2025-10-18 23:00:51 +0000  copying file ./AppIcon76x76@2x~ipad.png ... 
2025-10-18 23:00:51 +0000  7012 bytes for ./AppIcon76x76@2x~ipad.png
2025-10-18 23:00:51 +0000  copying file ./AppAuthCore_Privacy.bundle/PrivacyInfo.xcprivacy ... 
2025-10-18 23:00:51 +0000  391 bytes for ./AppAuthCore_Privacy.bundle/PrivacyInfo.xcprivacy
2025-10-18 23:00:51 +0000  copying file ./AppAuthCore_Privacy.bundle/Info.plist ... 
2025-10-18 23:00:51 +0000  786 bytes for ./AppAuthCore_Privacy.bundle/Info.plist
2025-10-18 23:00:51 +0000  copying file ./main.jsbundle ... 
2025-10-18 23:00:51 +0000  5916774 bytes for ./main.jsbundle
2025-10-18 23:00:51 +0000  copying file ./EXConstants.bundle/app.config ... 
2025-10-18 23:00:51 +0000  2370 bytes for ./EXConstants.bundle/app.config
2025-10-18 23:00:51 +0000  copying file ./EXConstants.bundle/Info.plist ... 
2025-10-18 23:00:51 +0000  770 bytes for ./EXConstants.bundle/Info.plist
2025-10-18 23:00:51 +0000  copying file ./ExpoDevice_privacy.bundle/PrivacyInfo.xcprivacy ... 
2025-10-18 23:00:51 +0000  609 bytes for ./ExpoDevice_privacy.bundle/PrivacyInfo.xcprivacy
2025-10-18 23:00:51 +0000  copying file ./ExpoDevice_privacy.bundle/Info.plist ... 
2025-10-18 23:00:51 +0000  785 bytes for ./ExpoDevice_privacy.bundle/Info.plist
2025-10-18 23:00:51 +0000  copying file ./PrivacyInfo.xcprivacy ... 
2025-10-18 23:00:51 +0000  1283 bytes for ./PrivacyInfo.xcprivacy
2025-10-18 23:00:51 +0000  copying file ./ExpoNotifications_privacy.bundle/PrivacyInfo.xcprivacy ... 
2025-10-18 23:00:51 +0000  607 bytes for ./ExpoNotifications_privacy.bundle/PrivacyInfo.xcprivacy
2025-10-18 23:00:51 +0000  copying file ./ExpoNotifications_privacy.bundle/Info.plist ... 
2025-10-18 23:00:51 +0000  801 bytes for ./ExpoNotifications_privacy.bundle/Info.plist
2025-10-18 23:00:51 +0000  copying file ./ExpoFileSystem_privacy.bundle/PrivacyInfo.xcprivacy ... 
2025-10-18 23:00:51 +0000  877 bytes for ./ExpoFileSystem_privacy.bundle/PrivacyInfo.xcprivacy
copying file ./ExpoFileSystem_privacy.bundle/Info.plist ... 
2025-10-18 23:00:51 +0000  795 bytes for ./ExpoFileSystem_privacy.bundle/Info.plist
2025-10-18 23:00:51 +0000  copying file ./boost_privacy.bundle/Info.plist ... 
2025-10-18 23:00:51 +0000  774 bytes for ./boost_privacy.bundle/Info.plist
2025-10-18 23:00:51 +0000  copying file ./Frameworks/CptShare.framework/_CodeSignature/CodeResources ... 
2025-10-18 23:00:51 +0000  2034 bytes for ./Frameworks/CptShare.framework/_CodeSignature/CodeResources
2025-10-18 23:00:51 +0000  copying file ./Frameworks/CptShare.framework/CptShare ... 
2025-10-18 23:00:51 +0000  324368 bytes for ./Frameworks/CptShare.framework/CptShare
2025-10-18 23:00:51 +0000  copying file ./Frameworks/CptShare.framework/PrivacyInfo.xcprivacy ... 
2025-10-18 23:00:51 +0000  7023 bytes for ./Frameworks/CptShare.framework/PrivacyInfo.xcprivacy
2025-10-18 23:00:51 +0000  copying file ./Frameworks/CptShare.framework/Info.plist ... 
2025-10-18 23:00:51 +0000  786 bytes for ./Frameworks/CptShare.framework/Info.plist
2025-10-18 23:00:51 +0000  copying file ./Frameworks/zoomcml.framework/_CodeSignature/CodeResources ... 
2025-10-18 23:00:51 +0000  14802 bytes for ./Frameworks/zoomcml.framework/_CodeSignature/CodeResources
2025-10-18 23:00:51 +0000  copying file ./Frameworks/zoomcml.framework/bgr_iOS_hori.mlmodelc/metadata.json ... 
2025-10-18 23:00:51 +0000  2057 bytes for ./Frameworks/zoomcml.framework/bgr_iOS_hori.mlmodelc/metadata.json
2025-10-18 23:00:51 +0000  copying file ./Frameworks/zoomcml.framework/bgr_iOS_hori.mlmodelc/model.espresso.weights ... 
2025-10-18 23:00:51 +0000  1101728 bytes for ./Frameworks/zoomcml.framework/bgr_iOS_hori.mlmodelc/model.espresso.weights
2025-10-18 23:00:51 +0000  copying file ./Frameworks/zoomcml.framework/bgr_iOS_hori.mlmodelc/model/coremldata.bin ... 
2025-10-18 23:00:51 +0000  200 bytes for ./Frameworks/zoomcml.framework/bgr_iOS_hori.mlmodelc/model/coremldata.bin
2025-10-18 23:00:51 +0000  copying file ./Frameworks/zoomcml.framework/bgr_iOS_hori.mlmodelc/neural_network_optionals/coremldata.bin ... 
2025-10-18 23:00:51 +0000  40 bytes for ./Frameworks/zoomcml.framework/bgr_iOS_hori.mlmodelc/neural_network_optionals/coremldata.bin
2025-10-18 23:00:51 +0000  copying file ./Frameworks/zoomcml.framework/bgr_iOS_hori.mlmodelc/coremldata.bin ... 
2025-10-18 23:00:51 +0000  444 bytes for ./Frameworks/zoomcml.framework/bgr_iOS_hori.mlmodelc/coremldata.bin
2025-10-18 23:00:51 +0000  copying file ./Frameworks/zoomcml.framework/bgr_iOS_hori.mlmodelc/analytics/coremldata.bin ... 
2025-10-18 23:00:51 +0000  480 bytes for ./Frameworks/zoomcml.framework/bgr_iOS_hori.mlmodelc/analytics/coremldata.bin
2025-10-18 23:00:51 +0000  copying file ./Frameworks/zoomcml.framework/lip_sync.mlmodelc/metadata.json ... 
2025-10-18 23:00:51 +0000  3369 bytes for ./Frameworks/zoomcml.framework/lip_sync.mlmodelc/metadata.json
copying file ./Frameworks/zoomcml.framework/lip_sync.mlmodelc/model.espresso.weights ... 
2025-10-18 23:00:51 +0000  1255424 bytes for ./Frameworks/zoomcml.framework/lip_sync.mlmodelc/model.espresso.weights
2025-10-18 23:00:51 +0000  copying file ./Frameworks/zoomcml.framework/lip_sync.mlmodelc/model/coremldata.bin ... 
2025-10-18 23:00:51 +0000  64 bytes for ./Frameworks/zoomcml.framework/lip_sync.mlmodelc/model/coremldata.bin
2025-10-18 23:00:51 +0000  copying file ./Frameworks/zoomcml.framework/lip_sync.mlmodelc/neural_network_optionals/coremldata.bin ... 
2025-10-18 23:00:51 +0000  40 bytes for ./Frameworks/zoomcml.framework/lip_sync.mlmodelc/neural_network_optionals/coremldata.bin
2025-10-18 23:00:51 +0000  copying file ./Frameworks/zoomcml.framework/lip_sync.mlmodelc/coremldata.bin ... 
2025-10-18 23:00:51 +0000  995 bytes for ./Frameworks/zoomcml.framework/lip_sync.mlmodelc/coremldata.bin
2025-10-18 23:00:51 +0000  copying file ./Frameworks/zoomcml.framework/lip_sync.mlmodelc/analytics/coremldata.bin ... 
2025-10-18 23:00:51 +0000  476 bytes for ./Frameworks/zoomcml.framework/lip_sync.mlmodelc/analytics/coremldata.bin
2025-10-18 23:00:51 +0000  copying file ./Frameworks/zoomcml.framework/zoomcml ... 
2025-10-18 23:00:51 +0000  658672 bytes for ./Frameworks/zoomcml.framework/zoomcml
2025-10-18 23:00:51 +0000  copying file ./Frameworks/zoomcml.framework/bgr_iOS_vert.mlmodelc/metadata.json ... 
2025-10-18 23:00:51 +0000  2057 bytes for ./Frameworks/zoomcml.framework/bgr_iOS_vert.mlmodelc/metadata.json
copying file ./Frameworks/zoomcml.framework/bgr_iOS_vert.mlmodelc/model.espresso.weights ... 
2025-10-18 23:00:51 +0000  1101728 bytes for ./Frameworks/zoomcml.framework/bgr_iOS_vert.mlmodelc/model.espresso.weights
2025-10-18 23:00:51 +0000  copying file ./Frameworks/zoomcml.framework/bgr_iOS_vert.mlmodelc/model/coremldata.bin ... 
2025-10-18 23:00:51 +0000  200 bytes for ./Frameworks/zoomcml.framework/bgr_iOS_vert.mlmodelc/model/coremldata.bin
2025-10-18 23:00:51 +0000  copying file ./Frameworks/zoomcml.framework/bgr_iOS_vert.mlmodelc/neural_network_optionals/coremldata.bin ... 
2025-10-18 23:00:51 +0000  40 bytes for ./Frameworks/zoomcml.framework/bgr_iOS_vert.mlmodelc/neural_network_optionals/coremldata.bin
2025-10-18 23:00:51 +0000  copying file ./Frameworks/zoomcml.framework/bgr_iOS_vert.mlmodelc/coremldata.bin ... 
2025-10-18 23:00:51 +0000  444 bytes for ./Frameworks/zoomcml.framework/bgr_iOS_vert.mlmodelc/coremldata.bin
2025-10-18 23:00:51 +0000  copying file ./Frameworks/zoomcml.framework/bgr_iOS_vert.mlmodelc/analytics/coremldata.bin ... 
2025-10-18 23:00:51 +0000  480 bytes for ./Frameworks/zoomcml.framework/bgr_iOS_vert.mlmodelc/analytics/coremldata.bin
2025-10-18 23:00:51 +0000  copying file ./Frameworks/zoomcml.framework/hlm.mlmodelc/metadata.json ... 
2025-10-18 23:00:51 +0000  1993 bytes for ./Frameworks/zoomcml.framework/hlm.mlmodelc/metadata.json
2025-10-18 23:00:51 +0000  copying file ./Frameworks/zoomcml.framework/hlm.mlmodelc/model.espresso.weights ... 
2025-10-18 23:00:51 +0000  1427456 bytes for ./Frameworks/zoomcml.framework/hlm.mlmodelc/model.espresso.weights
2025-10-18 23:00:51 +0000  copying file ./Frameworks/zoomcml.framework/hlm.mlmodelc/model/coremldata.bin ... 
2025-10-18 23:00:51 +0000  208 bytes for ./Frameworks/zoomcml.framework/hlm.mlmodelc/model/coremldata.bin
2025-10-18 23:00:51 +0000  copying file ./Frameworks/zoomcml.framework/hlm.mlmodelc/neural_network_optionals/coremldata.bin ... 
2025-10-18 23:00:51 +0000  40 bytes for ./Frameworks/zoomcml.framework/hlm.mlmodelc/neural_network_optionals/coremldata.bin
2025-10-18 23:00:51 +0000  copying file ./Frameworks/zoomcml.framework/hlm.mlmodelc/coremldata.bin ... 
2025-10-18 23:00:51 +0000  431 bytes for ./Frameworks/zoomcml.framework/hlm.mlmodelc/coremldata.bin
2025-10-18 23:00:51 +0000  copying file ./Frameworks/zoomcml.framework/hlm.mlmodelc/analytics/coremldata.bin ... 
2025-10-18 23:00:51 +0000  471 bytes for ./Frameworks/zoomcml.framework/hlm.mlmodelc/analytics/coremldata.bin
2025-10-18 23:00:51 +0000  copying file ./Frameworks/zoomcml.framework/hd.mlmodelc/metadata.json ... 
2025-10-18 23:00:51 +0000  2425 bytes for ./Frameworks/zoomcml.framework/hd.mlmodelc/metadata.json
copying file ./Frameworks/zoomcml.framework/hd.mlmodelc/model.espresso.weights ... 
2025-10-18 23:00:51 +0000  1300096 bytes for ./Frameworks/zoomcml.framework/hd.mlmodelc/model.espresso.weights
2025-10-18 23:00:51 +0000  copying file ./Frameworks/zoomcml.framework/hd.mlmodelc/model/coremldata.bin ... 
2025-10-18 23:00:51 +0000  208 bytes for ./Frameworks/zoomcml.framework/hd.mlmodelc/model/coremldata.bin
2025-10-18 23:00:51 +0000  copying file ./Frameworks/zoomcml.framework/hd.mlmodelc/neural_network_optionals/coremldata.bin ... 
2025-10-18 23:00:51 +0000  40 bytes for ./Frameworks/zoomcml.framework/hd.mlmodelc/neural_network_optionals/coremldata.bin
2025-10-18 23:00:51 +0000  copying file ./Frameworks/zoomcml.framework/hd.mlmodelc/coremldata.bin ... 
2025-10-18 23:00:51 +0000  606 bytes for ./Frameworks/zoomcml.framework/hd.mlmodelc/coremldata.bin
2025-10-18 23:00:51 +0000  copying file ./Frameworks/zoomcml.framework/hd.mlmodelc/analytics/coremldata.bin ... 
2025-10-18 23:00:51 +0000  470 bytes for ./Frameworks/zoomcml.framework/hd.mlmodelc/analytics/coremldata.bin
2025-10-18 23:00:51 +0000  copying file ./Frameworks/zoomcml.framework/flm.mlmodelc/metadata.json ... 
2025-10-18 23:00:51 +0000  2693 bytes for ./Frameworks/zoomcml.framework/flm.mlmodelc/metadata.json
copying file ./Frameworks/zoomcml.framework/flm.mlmodelc/model.espresso.weights ... 
2025-10-18 23:00:51 +0000  3280544 bytes for ./Frameworks/zoomcml.framework/flm.mlmodelc/model.espresso.weights
2025-10-18 23:00:51 +0000  copying file ./Frameworks/zoomcml.framework/flm.mlmodelc/model/coremldata.bin ... 
2025-10-18 23:00:51 +0000  216 bytes for ./Frameworks/zoomcml.framework/flm.mlmodelc/model/coremldata.bin
2025-10-18 23:00:51 +0000  copying file ./Frameworks/zoomcml.framework/flm.mlmodelc/neural_network_optionals/coremldata.bin ... 
2025-10-18 23:00:51 +0000  40 bytes for ./Frameworks/zoomcml.framework/flm.mlmodelc/neural_network_optionals/coremldata.bin
2025-10-18 23:00:51 +0000  copying file ./Frameworks/zoomcml.framework/flm.mlmodelc/coremldata.bin ... 
2025-10-18 23:00:51 +0000  381 bytes for ./Frameworks/zoomcml.framework/flm.mlmodelc/coremldata.bin
2025-10-18 23:00:51 +0000  copying file ./Frameworks/zoomcml.framework/flm.mlmodelc/analytics/coremldata.bin ... 
2025-10-18 23:00:51 +0000  471 bytes for ./Frameworks/zoomcml.framework/flm.mlmodelc/analytics/coremldata.bin
2025-10-18 23:00:51 +0000  copying file ./Frameworks/zoomcml.framework/PrivacyInfo.xcprivacy ... 
2025-10-18 23:00:51 +0000  7023 bytes for ./Frameworks/zoomcml.framework/PrivacyInfo.xcprivacy
2025-10-18 23:00:51 +0000  copying file ./Frameworks/zoomcml.framework/afn_iOS_hori.mlmodelc/metadata.json ... 
2025-10-18 23:00:51 +0000  2214 bytes for ./Frameworks/zoomcml.framework/afn_iOS_hori.mlmodelc/metadata.json
2025-10-18 23:00:51 +0000  copying file ./Frameworks/zoomcml.framework/afn_iOS_hori.mlmodelc/model.espresso.weights ... 
2025-10-18 23:00:51 +0000  1101184 bytes for ./Frameworks/zoomcml.framework/afn_iOS_hori.mlmodelc/model.espresso.weights
2025-10-18 23:00:51 +0000  copying file ./Frameworks/zoomcml.framework/afn_iOS_hori.mlmodelc/model/coremldata.bin ... 
2025-10-18 23:00:51 +0000  496 bytes for ./Frameworks/zoomcml.framework/afn_iOS_hori.mlmodelc/model/coremldata.bin
2025-10-18 23:00:51 +0000  copying file ./Frameworks/zoomcml.framework/afn_iOS_hori.mlmodelc/neural_network_optionals/coremldata.bin ... 
2025-10-18 23:00:51 +0000  40 bytes for ./Frameworks/zoomcml.framework/afn_iOS_hori.mlmodelc/neural_network_optionals/coremldata.bin
2025-10-18 23:00:51 +0000  copying file ./Frameworks/zoomcml.framework/afn_iOS_hori.mlmodelc/coremldata.bin ... 
2025-10-18 23:00:51 +0000  326 bytes for ./Frameworks/zoomcml.framework/afn_iOS_hori.mlmodelc/coremldata.bin
2025-10-18 23:00:51 +0000  copying file ./Frameworks/zoomcml.framework/afn_iOS_hori.mlmodelc/analytics/coremldata.bin ... 
2025-10-18 23:00:51 +0000  479 bytes for ./Frameworks/zoomcml.framework/afn_iOS_hori.mlmodelc/analytics/coremldata.bin
2025-10-18 23:00:51 +0000  copying file ./Frameworks/zoomcml.framework/afn_iOS_vert.mlmodelc/metadata.json ... 
2025-10-18 23:00:51 +0000  2214 bytes for ./Frameworks/zoomcml.framework/afn_iOS_vert.mlmodelc/metadata.json
2025-10-18 23:00:51 +0000  copying file ./Frameworks/zoomcml.framework/afn_iOS_vert.mlmodelc/model.espresso.weights ... 
2025-10-18 23:00:51 +0000  1101184 bytes for ./Frameworks/zoomcml.framework/afn_iOS_vert.mlmodelc/model.espresso.weights
2025-10-18 23:00:51 +0000  copying file ./Frameworks/zoomcml.framework/afn_iOS_vert.mlmodelc/model/coremldata.bin ... 
2025-10-18 23:00:51 +0000  496 bytes for ./Frameworks/zoomcml.framework/afn_iOS_vert.mlmodelc/model/coremldata.bin
2025-10-18 23:00:51 +0000  copying file ./Frameworks/zoomcml.framework/afn_iOS_vert.mlmodelc/neural_network_optionals/coremldata.bin ... 
2025-10-18 23:00:51 +0000  40 bytes for ./Frameworks/zoomcml.framework/afn_iOS_vert.mlmodelc/neural_network_optionals/coremldata.bin
2025-10-18 23:00:51 +0000  copying file ./Frameworks/zoomcml.framework/afn_iOS_vert.mlmodelc/coremldata.bin ... 
2025-10-18 23:00:51 +0000  326 bytes for ./Frameworks/zoomcml.framework/afn_iOS_vert.mlmodelc/coremldata.bin
2025-10-18 23:00:51 +0000  copying file ./Frameworks/zoomcml.framework/afn_iOS_vert.mlmodelc/analytics/coremldata.bin ... 
2025-10-18 23:00:51 +0000  479 bytes for ./Frameworks/zoomcml.framework/afn_iOS_vert.mlmodelc/analytics/coremldata.bin
2025-10-18 23:00:51 +0000  copying file ./Frameworks/zoomcml.framework/Info.plist ... 
2025-10-18 23:00:51 +0000  802 bytes for ./Frameworks/zoomcml.framework/Info.plist
2025-10-18 23:00:51 +0000  copying file ./Frameworks/zm_annoter_dynamic.framework/_CodeSignature/CodeResources ... 
2025-10-18 23:00:51 +0000  2034 bytes for ./Frameworks/zm_annoter_dynamic.framework/_CodeSignature/CodeResources
2025-10-18 23:00:51 +0000  copying file ./Frameworks/zm_annoter_dynamic.framework/zm_annoter_dynamic ... 
2025-10-18 23:00:51 +0000  5763392 bytes for ./Frameworks/zm_annoter_dynamic.framework/zm_annoter_dynamic
2025-10-18 23:00:51 +0000  copying file ./Frameworks/zm_annoter_dynamic.framework/PrivacyInfo.xcprivacy ... 
2025-10-18 23:00:51 +0000  7023 bytes for ./Frameworks/zm_annoter_dynamic.framework/PrivacyInfo.xcprivacy
copying file ./Frameworks/zm_annoter_dynamic.framework/Info.plist ... 
2025-10-18 23:00:51 +0000  884 bytes for ./Frameworks/zm_annoter_dynamic.framework/Info.plist
2025-10-18 23:00:51 +0000  copying file ./Frameworks/hermes.framework/_CodeSignature/CodeResources ... 
2025-10-18 23:00:51 +0000  1798 bytes for ./Frameworks/hermes.framework/_CodeSignature/CodeResources
2025-10-18 23:00:51 +0000  copying file ./Frameworks/hermes.framework/hermes ... 
2025-10-18 23:00:51 +0000  4616864 bytes for ./Frameworks/hermes.framework/hermes
2025-10-18 23:00:51 +0000  copying file ./Frameworks/hermes.framework/Info.plist ... 
2025-10-18 23:00:51 +0000  859 bytes for ./Frameworks/hermes.framework/Info.plist
2025-10-18 23:00:51 +0000  copying file ./Frameworks/ZoomVideoSDK.framework/_CodeSignature/CodeResources ... 
2025-10-18 23:00:51 +0000  2262 bytes for ./Frameworks/ZoomVideoSDK.framework/_CodeSignature/CodeResources
2025-10-18 23:00:51 +0000  copying file ./Frameworks/ZoomVideoSDK.framework/ZoomVideoSDK ... 
2025-10-18 23:00:51 +0000  50951472 bytes for ./Frameworks/ZoomVideoSDK.framework/ZoomVideoSDK
copying file ./Frameworks/ZoomVideoSDK.framework/nydusDefault.metallib ... 
2025-10-18 23:00:51 +0000  41064 bytes for ./Frameworks/ZoomVideoSDK.framework/nydusDefault.metallib
2025-10-18 23:00:51 +0000  copying file ./Frameworks/ZoomVideoSDK.framework/PrivacyInfo.xcprivacy ... 
2025-10-18 23:00:51 +0000  7023 bytes for ./Frameworks/ZoomVideoSDK.framework/PrivacyInfo.xcprivacy
2025-10-18 23:00:51 +0000  copying file ./Frameworks/ZoomVideoSDK.framework/Info.plist ... 
2025-10-18 23:00:51 +0000  785 bytes for ./Frameworks/ZoomVideoSDK.framework/Info.plist
2025-10-18 23:00:51 +0000  copying file ./embedded.mobileprovision ... 
2025-10-18 23:00:51 +0000  12585 bytes for ./embedded.mobileprovision
2025-10-18 23:00:51 +0000  copying file ./assets/app/screens/chat/components/icon/icons/video-on@2x.png ... 
2025-10-18 23:00:51 +0000  13948 bytes for ./assets/app/screens/chat/components/icon/icons/video-on@2x.png
2025-10-18 23:00:51 +0000  copying file ./assets/app/screens/chat/components/icon/icons/hamburger@2x.png ... 
2025-10-18 23:00:51 +0000  222 bytes for ./assets/app/screens/chat/components/icon/icons/hamburger@2x.png
2025-10-18 23:00:51 +0000  copying file ./assets/app/screens/chat/components/icon/icons/share-on@2x.png ... 
2025-10-18 23:00:51 +0000  9493 bytes for ./assets/app/screens/chat/components/icon/icons/share-on@2x.png
2025-10-18 23:00:51 +0000  copying file ./assets/app/screens/chat/components/icon/icons/default-avatar.png ... 
2025-10-18 23:00:51 +0000  2770 bytes for ./assets/app/screens/chat/components/icon/icons/default-avatar.png
2025-10-18 23:00:51 +0000  copying file ./assets/app/screens/chat/components/icon/icons/locked@2x.png ... 
2025-10-18 23:00:51 +0000  376 bytes for ./assets/app/screens/chat/components/icon/icons/locked@2x.png
2025-10-18 23:00:51 +0000  copying file ./assets/app/screens/chat/components/icon/icons/chat-send@3x.png ... 
2025-10-18 23:00:51 +0000  1981 bytes for ./assets/app/screens/chat/components/icon/icons/chat-send@3x.png
2025-10-18 23:00:51 +0000  copying file ./assets/app/screens/chat/components/icon/icons/switch-camera.png ... 
2025-10-18 23:00:51 +0000  2187 bytes for ./assets/app/screens/chat/components/icon/icons/switch-camera.png
copying file ./assets/app/screens/chat/components/icon/icons/chat-send@2x.png ... 
2025-10-18 23:00:51 +0000  1407 bytes for ./assets/app/screens/chat/components/icon/icons/chat-send@2x.png
2025-10-18 23:00:51 +0000  copying file ./assets/app/screens/chat/components/icon/icons/locked@3x.png ... 
2025-10-18 23:00:51 +0000  567 bytes for ./assets/app/screens/chat/components/icon/icons/locked@3x.png
2025-10-18 23:00:51 +0000  copying file ./assets/app/screens/chat/components/icon/icons/share-on@3x.png ... 
2025-10-18 23:00:51 +0000  17857 bytes for ./assets/app/screens/chat/components/icon/icons/share-on@3x.png
2025-10-18 23:00:51 +0000  copying file ./assets/app/screens/chat/components/icon/icons/hamburger@3x.png ... 
2025-10-18 23:00:51 +0000  412 bytes for ./assets/app/screens/chat/components/icon/icons/hamburger@3x.png
2025-10-18 23:00:51 +0000  copying file ./assets/app/screens/chat/components/icon/icons/video-on@3x.png ... 
2025-10-18 23:00:51 +0000  27205 bytes for ./assets/app/screens/chat/components/icon/icons/video-on@3x.png
2025-10-18 23:00:51 +0000  copying file ./assets/app/screens/chat/components/icon/icons/talking@3x.png ... 
2025-10-18 23:00:51 +0000  2179 bytes for ./assets/app/screens/chat/components/icon/icons/talking@3x.png
2025-10-18 23:00:51 +0000  copying file ./assets/app/screens/chat/components/icon/icons/muted@3x.png ... 
2025-10-18 23:00:51 +0000  2083 bytes for ./assets/app/screens/chat/components/icon/icons/muted@3x.png
2025-10-18 23:00:51 +0000  copying file ./assets/app/screens/chat/components/icon/icons/unmute@2x.png ... 
2025-10-18 23:00:51 +0000  7451 bytes for ./assets/app/screens/chat/components/icon/icons/unmute@2x.png
2025-10-18 23:00:51 +0000  copying file ./assets/app/screens/chat/components/icon/icons/share-off@3x.png ... 
2025-10-18 23:00:51 +0000  24051 bytes for ./assets/app/screens/chat/components/icon/icons/share-off@3x.png
2025-10-18 23:00:51 +0000  copying file ./assets/app/screens/chat/components/icon/icons/share-off@2x.png ... 
2025-10-18 23:00:51 +0000  12954 bytes for ./assets/app/screens/chat/components/icon/icons/share-off@2x.png
2025-10-18 23:00:51 +0000  copying file ./assets/app/screens/chat/components/icon/icons/muted@2x.png ... 
2025-10-18 23:00:51 +0000  2031 bytes for ./assets/app/screens/chat/components/icon/icons/muted@2x.png
2025-10-18 23:00:51 +0000  copying file ./assets/app/screens/chat/components/icon/icons/unmute@3x.png ... 
2025-10-18 23:00:51 +0000  13799 bytes for ./assets/app/screens/chat/components/icon/icons/unmute@3x.png
2025-10-18 23:00:51 +0000  copying file ./assets/app/screens/chat/components/icon/icons/talking@2x.png ... 
2025-10-18 23:00:51 +0000  2063 bytes for ./assets/app/screens/chat/components/icon/icons/talking@2x.png
2025-10-18 23:00:51 +0000  copying file ./assets/app/screens/chat/components/icon/icons/question-ballon@2x.png ... 
2025-10-18 23:00:51 +0000  877 bytes for ./assets/app/screens/chat/components/icon/icons/question-ballon@2x.png
2025-10-18 23:00:51 +0000  copying file ./assets/app/screens/chat/components/icon/icons/more@3x.png ... 
2025-10-18 23:00:51 +0000  10541 bytes for ./assets/app/screens/chat/components/icon/icons/more@3x.png
2025-10-18 23:00:51 +0000  copying file ./assets/app/screens/chat/components/icon/icons/speaker-off.png ... 
2025-10-18 23:00:51 +0000  2022 bytes for ./assets/app/screens/chat/components/icon/icons/speaker-off.png
2025-10-18 23:00:51 +0000  copying file ./assets/app/screens/chat/components/icon/icons/question-ballon@3x.png ... 
2025-10-18 23:00:51 +0000  1247 bytes for ./assets/app/screens/chat/components/icon/icons/question-ballon@3x.png
2025-10-18 23:00:51 +0000  copying file ./assets/app/screens/chat/components/icon/icons/more@2x.png ... 
2025-10-18 23:00:51 +0000  5529 bytes for ./assets/app/screens/chat/components/icon/icons/more@2x.png
2025-10-18 23:00:51 +0000  copying file ./assets/app/screens/chat/components/icon/icons/video-off@2x.png ... 
2025-10-18 23:00:51 +0000  12830 bytes for ./assets/app/screens/chat/components/icon/icons/video-off@2x.png
2025-10-18 23:00:51 +0000  copying file ./assets/app/screens/chat/components/icon/icons/unlocked@3x.png ... 
2025-10-18 23:00:51 +0000  634 bytes for ./assets/app/screens/chat/components/icon/icons/unlocked@3x.png
2025-10-18 23:00:51 +0000  copying file ./assets/app/screens/chat/components/icon/icons/mute@3x.png ... 
2025-10-18 23:00:51 +0000  11098 bytes for ./assets/app/screens/chat/components/icon/icons/mute@3x.png
2025-10-18 23:00:51 +0000  copying file ./assets/app/screens/chat/components/icon/icons/speaker-on.png ... 
2025-10-18 23:00:51 +0000  1642 bytes for ./assets/app/screens/chat/components/icon/icons/speaker-on.png
2025-10-18 23:00:51 +0000  copying file ./assets/app/screens/chat/components/icon/icons/mute@2x.png ... 
2025-10-18 23:00:51 +0000  5853 bytes for ./assets/app/screens/chat/components/icon/icons/mute@2x.png
2025-10-18 23:00:51 +0000  copying file ./assets/app/screens/chat/components/icon/icons/unlocked@2x.png ... 
2025-10-18 23:00:51 +0000  384 bytes for ./assets/app/screens/chat/components/icon/icons/unlocked@2x.png
copying file ./assets/app/screens/chat/components/icon/icons/video-off@3x.png ... 
2025-10-18 23:00:51 +0000  24545 bytes for ./assets/app/screens/chat/components/icon/icons/video-off@3x.png
2025-10-18 23:00:51 +0000  copying file ./assets/node_modules/@react-navigation/drawer/lib/module/views/assets/toggle-drawer-icon@3x.png ... 
2025-10-18 23:00:51 +0000  212 bytes for ./assets/node_modules/@react-navigation/drawer/lib/module/views/assets/toggle-drawer-icon@3x.png
2025-10-18 23:00:51 +0000  copying file ./assets/node_modules/@react-navigation/drawer/lib/module/views/assets/toggle-drawer-icon@2x.png ... 
2025-10-18 23:00:51 +0000  163 bytes for ./assets/node_modules/@react-navigation/drawer/lib/module/views/assets/toggle-drawer-icon@2x.png
2025-10-18 23:00:51 +0000  copying file ./assets/node_modules/@react-navigation/drawer/lib/module/views/assets/toggle-drawer-icon.png ... 
2025-10-18 23:00:51 +0000  108 bytes for ./assets/node_modules/@react-navigation/drawer/lib/module/views/assets/toggle-drawer-icon.png
2025-10-18 23:00:51 +0000  copying file ./assets/node_modules/@react-navigation/elements/lib/module/assets/back-icon@3x.png ... 
2025-10-18 23:00:51 +0000  761 bytes for ./assets/node_modules/@react-navigation/elements/lib/module/assets/back-icon@3x.png
2025-10-18 23:00:51 +0000  copying file ./assets/node_modules/@react-navigation/elements/lib/module/assets/back-icon@2x.png ... 
2025-10-18 23:00:51 +0000  405 bytes for ./assets/node_modules/@react-navigation/elements/lib/module/assets/back-icon@2x.png
2025-10-18 23:00:51 +0000  copying file ./assets/node_modules/@react-navigation/elements/lib/module/assets/search-icon@2x.png ... 
2025-10-18 23:00:51 +0000  589 bytes for ./assets/node_modules/@react-navigation/elements/lib/module/assets/search-icon@2x.png
2025-10-18 23:00:51 +0000  copying file ./assets/node_modules/@react-navigation/elements/lib/module/assets/clear-icon@3x.png ... 
2025-10-18 23:00:51 +0000  502 bytes for ./assets/node_modules/@react-navigation/elements/lib/module/assets/clear-icon@3x.png
2025-10-18 23:00:51 +0000  copying file ./assets/node_modules/@react-navigation/elements/lib/module/assets/back-icon.png ... 
2025-10-18 23:00:51 +0000  290 bytes for ./assets/node_modules/@react-navigation/elements/lib/module/assets/back-icon.png
2025-10-18 23:00:51 +0000  copying file ./assets/node_modules/@react-navigation/elements/lib/module/assets/clear-icon@2x.png ... 
2025-10-18 23:00:51 +0000  334 bytes for ./assets/node_modules/@react-navigation/elements/lib/module/assets/clear-icon@2x.png
copying file ./assets/node_modules/@react-navigation/elements/lib/module/assets/search-icon@3x.png ... 
2025-10-18 23:00:51 +0000  839 bytes for ./assets/node_modules/@react-navigation/elements/lib/module/assets/search-icon@3x.png
2025-10-18 23:00:51 +0000  copying file ./assets/node_modules/@react-navigation/elements/lib/module/assets/close-icon.png ... 
2025-10-18 23:00:51 +0000  141 bytes for ./assets/node_modules/@react-navigation/elements/lib/module/assets/close-icon.png
2025-10-18 23:00:51 +0000  copying file ./assets/node_modules/@react-navigation/elements/lib/module/assets/back-icon-mask.png ... 
2025-10-18 23:00:51 +0000  653 bytes for ./assets/node_modules/@react-navigation/elements/lib/module/assets/back-icon-mask.png
2025-10-18 23:00:51 +0000  copying file ./assets/node_modules/@react-navigation/elements/lib/module/assets/close-icon@2x.png ... 
2025-10-18 23:00:51 +0000  201 bytes for ./assets/node_modules/@react-navigation/elements/lib/module/assets/close-icon@2x.png
copying file ./assets/node_modules/@react-navigation/elements/lib/module/assets/close-icon@3x.png ... 
2025-10-18 23:00:51 +0000  266 bytes for ./assets/node_modules/@react-navigation/elements/lib/module/assets/close-icon@3x.png
copying file ./assets/node_modules/@react-navigation/elements/lib/module/assets/clear-icon.png ... 
2025-10-18 23:00:51 +0000  220 bytes for ./assets/node_modules/@react-navigation/elements/lib/module/assets/clear-icon.png
2025-10-18 23:00:51 +0000  copying file ./assets/node_modules/@react-navigation/elements/lib/module/assets/search-icon.png ... 
2025-10-18 23:00:51 +0000  317 bytes for ./assets/node_modules/@react-navigation/elements/lib/module/assets/search-icon.png
2025-10-18 23:00:51 +0000  copying file ./assets/node_modules/@expo/vector-icons/build/vendor/react-native-vector-icons/Fonts/Fontisto.ttf ... 
2025-10-18 23:00:51 +0000  313528 bytes for ./assets/node_modules/@expo/vector-icons/build/vendor/react-native-vector-icons/Fonts/Fontisto.ttf
2025-10-18 23:00:51 +0000  copying file ./assets/node_modules/@expo/vector-icons/build/vendor/react-native-vector-icons/Fonts/Octicons.ttf ... 
2025-10-18 23:00:51 +0000  49404 bytes for ./assets/node_modules/@expo/vector-icons/build/vendor/react-native-vector-icons/Fonts/Octicons.ttf
2025-10-18 23:00:51 +0000  copying file ./assets/node_modules/@expo/vector-icons/build/vendor/react-native-vector-icons/Fonts/Feather.ttf ... 
2025-10-18 23:00:51 +0000  56228 bytes for ./assets/node_modules/@expo/vector-icons/build/vendor/react-native-vector-icons/Fonts/Feather.ttf
copying file ./assets/node_modules/@expo/vector-icons/build/vendor/react-native-vector-icons/Fonts/FontAwesome6_Regular.ttf ... 
2025-10-18 23:00:51 +0000  67976 bytes for ./assets/node_modules/@expo/vector-icons/build/vendor/react-native-vector-icons/Fonts/FontAwesome6_Regular.ttf
copying file ./assets/node_modules/@expo/vector-icons/build/vendor/react-native-vector-icons/Fonts/Entypo.ttf ... 
2025-10-18 23:00:51 +0000  66200 bytes for ./assets/node_modules/@expo/vector-icons/build/vendor/react-native-vector-icons/Fonts/Entypo.ttf
2025-10-18 23:00:51 +0000  copying file ./assets/node_modules/@expo/vector-icons/build/vendor/react-native-vector-icons/Fonts/FontAwesome5_Brands.ttf ... 
2025-10-18 23:00:51 +0000  134040 bytes for ./assets/node_modules/@expo/vector-icons/build/vendor/react-native-vector-icons/Fonts/FontAwesome5_Brands.ttf
2025-10-18 23:00:51 +0000  copying file ./assets/node_modules/@expo/vector-icons/build/vendor/react-native-vector-icons/Fonts/MaterialCommunityIcons.ttf ... 
2025-10-18 23:00:51 +0000  1147844 bytes for ./assets/node_modules/@expo/vector-icons/build/vendor/react-native-vector-icons/Fonts/MaterialCommunityIcons.ttf
2025-10-18 23:00:51 +0000  copying file ./assets/node_modules/@expo/vector-icons/build/vendor/react-native-vector-icons/Fonts/AntDesign.ttf ... 
2025-10-18 23:00:51 +0000  70344 bytes for ./assets/node_modules/@expo/vector-icons/build/vendor/react-native-vector-icons/Fonts/AntDesign.ttf
2025-10-18 23:00:51 +0000  copying file ./assets/node_modules/@expo/vector-icons/build/vendor/react-native-vector-icons/Fonts/Foundation.ttf ... 
2025-10-18 23:00:51 +0000  56976 bytes for ./assets/node_modules/@expo/vector-icons/build/vendor/react-native-vector-icons/Fonts/Foundation.ttf
copying file ./assets/node_modules/@expo/vector-icons/build/vendor/react-native-vector-icons/Fonts/Ionicons.ttf ... 
2025-10-18 23:00:51 +0000  442604 bytes for ./assets/node_modules/@expo/vector-icons/build/vendor/react-native-vector-icons/Fonts/Ionicons.ttf
2025-10-18 23:00:51 +0000  copying file ./assets/node_modules/@expo/vector-icons/build/vendor/react-native-vector-icons/Fonts/FontAwesome5_Solid.ttf ... 
2025-10-18 23:00:51 +0000  202744 bytes for ./assets/node_modules/@expo/vector-icons/build/vendor/react-native-vector-icons/Fonts/FontAwesome5_Solid.ttf
2025-10-18 23:00:51 +0000  copying file ./assets/node_modules/@expo/vector-icons/build/vendor/react-native-vector-icons/Fonts/FontAwesome5_Regular.ttf ... 
2025-10-18 23:00:51 +0000  33736 bytes for ./assets/node_modules/@expo/vector-icons/build/vendor/react-native-vector-icons/Fonts/FontAwesome5_Regular.ttf
copying file ./assets/node_modules/@expo/vector-icons/build/vendor/react-native-vector-icons/Fonts/FontAwesome.ttf ... 
2025-10-18 23:00:51 +0000  165548 bytes for ./assets/node_modules/@expo/vector-icons/build/vendor/react-native-vector-icons/Fonts/FontAwesome.ttf
copying file ./assets/node_modules/@expo/vector-icons/build/vendor/react-native-vector-icons/Fonts/Zocial.ttf ... 
2025-10-18 23:00:51 +0000  25788 bytes for ./assets/node_modules/@expo/vector-icons/build/vendor/react-native-vector-icons/Fonts/Zocial.ttf
2025-10-18 23:00:51 +0000  copying file ./assets/node_modules/@expo/vector-icons/build/vendor/react-native-vector-icons/Fonts/EvilIcons.ttf ... 
2025-10-18 23:00:51 +0000  13456 bytes for ./assets/node_modules/@expo/vector-icons/build/vendor/react-native-vector-icons/Fonts/EvilIcons.ttf
2025-10-18 23:00:51 +0000  copying file ./assets/node_modules/@expo/vector-icons/build/vendor/react-native-vector-icons/Fonts/FontAwesome6_Solid.ttf ... 
2025-10-18 23:00:51 +0000  423676 bytes for ./assets/node_modules/@expo/vector-icons/build/vendor/react-native-vector-icons/Fonts/FontAwesome6_Solid.ttf
2025-10-18 23:00:51 +0000  copying file ./assets/node_modules/@expo/vector-icons/build/vendor/react-native-vector-icons/Fonts/SimpleLineIcons.ttf ... 
2025-10-18 23:00:51 +0000  54056 bytes for ./assets/node_modules/@expo/vector-icons/build/vendor/react-native-vector-icons/Fonts/SimpleLineIcons.ttf
2025-10-18 23:00:51 +0000  copying file ./assets/node_modules/@expo/vector-icons/build/vendor/react-native-vector-icons/Fonts/FontAwesome6_Brands.ttf ... 
2025-10-18 23:00:51 +0000  209376 bytes for ./assets/node_modules/@expo/vector-icons/build/vendor/react-native-vector-icons/Fonts/FontAwesome6_Brands.ttf
2025-10-18 23:00:51 +0000  copying file ./assets/node_modules/@expo/vector-icons/build/vendor/react-native-vector-icons/Fonts/MaterialIcons.ttf ... 
2025-10-18 23:00:51 +0000  356840 bytes for ./assets/node_modules/@expo/vector-icons/build/vendor/react-native-vector-icons/Fonts/MaterialIcons.ttf
2025-10-18 23:00:51 +0000  copying file ./assets/node_modules/expo-router/assets/pkg.png ... 
2025-10-18 23:00:51 +0000  364 bytes for ./assets/node_modules/expo-router/assets/pkg.png
2025-10-18 23:00:51 +0000  copying file ./assets/node_modules/expo-router/assets/unmatched.png ... 
2025-10-18 23:00:51 +0000  4752 bytes for ./assets/node_modules/expo-router/assets/unmatched.png
2025-10-18 23:00:51 +0000  copying file ./assets/node_modules/expo-router/assets/file.png ... 
2025-10-18 23:00:51 +0000  138 bytes for ./assets/node_modules/expo-router/assets/file.png
2025-10-18 23:00:51 +0000  copying file ./assets/node_modules/expo-router/assets/forward.png ... 
2025-10-18 23:00:51 +0000  188 bytes for ./assets/node_modules/expo-router/assets/forward.png
2025-10-18 23:00:51 +0000  copying file ./assets/node_modules/expo-router/assets/error.png ... 
2025-10-18 23:00:51 +0000  469 bytes for ./assets/node_modules/expo-router/assets/error.png
copying file ./assets/node_modules/expo-router/assets/sitemap.png ... 
2025-10-18 23:00:51 +0000  465 bytes for ./assets/node_modules/expo-router/assets/sitemap.png
2025-10-18 23:00:51 +0000  copying file ./assets/node_modules/react-native-calendars/src/calendar/img/previous@2x.png ... 
2025-10-18 23:00:51 +0000  458 bytes for ./assets/node_modules/react-native-calendars/src/calendar/img/previous@2x.png
2025-10-18 23:00:51 +0000  copying file ./assets/node_modules/react-native-calendars/src/calendar/img/next@2x.png ... 
2025-10-18 23:00:51 +0000  462 bytes for ./assets/node_modules/react-native-calendars/src/calendar/img/next@2x.png
2025-10-18 23:00:51 +0000  copying file ./assets/node_modules/react-native-calendars/src/img/down@3x.png ... 
2025-10-18 23:00:51 +0000  508 bytes for ./assets/node_modules/react-native-calendars/src/img/down@3x.png
2025-10-18 23:00:51 +0000  copying file ./assets/node_modules/react-native-calendars/src/img/down@2x.png ... 
2025-10-18 23:00:51 +0000  354 bytes for ./assets/node_modules/react-native-calendars/src/img/down@2x.png
2025-10-18 23:00:51 +0000  copying file ./assets/node_modules/react-native-calendars/src/img/up.png ... 
2025-10-18 23:00:51 +0000  215 bytes for ./assets/node_modules/react-native-calendars/src/img/up.png
2025-10-18 23:00:51 +0000  copying file ./assets/node_modules/react-native-calendars/src/img/down.png ... 
2025-10-18 23:00:51 +0000  208 bytes for ./assets/node_modules/react-native-calendars/src/img/down.png
2025-10-18 23:00:51 +0000  copying file ./assets/node_modules/react-native-calendars/src/img/up@2x.png ... 
2025-10-18 23:00:51 +0000  347 bytes for ./assets/node_modules/react-native-calendars/src/img/up@2x.png
2025-10-18 23:00:51 +0000  copying file ./assets/node_modules/react-native-calendars/src/img/up@3x.png ... 
2025-10-18 23:00:51 +0000  504 bytes for ./assets/node_modules/react-native-calendars/src/img/up@3x.png
2025-10-18 23:00:51 +0000  copying file ./assets/assets/images/icon.png ... 
2025-10-18 23:00:51 +0000  83777 bytes for ./assets/assets/images/icon.png
2025-10-18 23:00:51 +0000  copying file ./assets/assets/images/global/check.png ... 
2025-10-18 23:00:51 +0000  4058 bytes for ./assets/assets/images/global/check.png
2025-10-18 23:00:51 +0000  copying file ./assets/assets/images/global/lighter-logo.png ... 
2025-10-18 23:00:51 +0000  2393 bytes for ./assets/assets/images/global/lighter-logo.png
copying file ./assets/assets/images/global/payment-icons.png ... 
2025-10-18 23:00:51 +0000  165453 bytes for ./assets/assets/images/global/payment-icons.png
2025-10-18 23:00:51 +0000  copying file ./assets/assets/images/global/post/labor-department.jpg ... 
2025-10-18 23:00:51 +0000  41420 bytes for ./assets/assets/images/global/post/labor-department.jpg
2025-10-18 23:00:51 +0000  copying file ./assets/assets/images/global/post/construction-department.jpg ... 
2025-10-18 23:00:51 +0000  48025 bytes for ./assets/assets/images/global/post/construction-department.jpg
copying file ./assets/assets/images/global/post/administrative-department.jpg ... 
2025-10-18 23:00:51 +0000  48445 bytes for ./assets/assets/images/global/post/administrative-department.jpg
copying file ./assets/assets/images/global/post/sports-department.jpg ... 
2025-10-18 23:00:51 +0000  84699 bytes for ./assets/assets/images/global/post/sports-department.jpg
copying file ./assets/assets/images/global/post/personal-department.jpg ... 
2025-10-18 23:00:51 +0000  36745 bytes for ./assets/assets/images/global/post/personal-department.jpg
2025-10-18 23:00:51 +0000  copying file ./assets/assets/images/global/post/real-department.jpg ... 
2025-10-18 23:00:51 +0000  32895 bytes for ./assets/assets/images/global/post/real-department.jpg
copying file ./assets/assets/images/global/post/commercial-department.jpg ... 
2025-10-18 23:00:51 +0000  30498 bytes for ./assets/assets/images/global/post/commercial-department.jpg
copying file ./assets/assets/images/global/post/residency-department.jpg ... 
2025-10-18 23:00:51 +0000  53786 bytes for ./assets/assets/images/global/post/residency-department.jpg
2025-10-18 23:00:51 +0000  copying file ./assets/assets/images/global/post/criminal-department.jpg ... 
2025-10-18 23:00:51 +0000  44062 bytes for ./assets/assets/images/global/post/criminal-department.jpg
copying file ./assets/assets/images/global/post/civil-department.jpg ... 
2025-10-18 23:00:51 +0000  48319 bytes for ./assets/assets/images/global/post/civil-department.jpg
2025-10-18 23:00:51 +0000  copying file ./assets/assets/images/global/flags/Australia.png ... 
2025-10-18 23:00:51 +0000  1281 bytes for ./assets/assets/images/global/flags/Australia.png
2025-10-18 23:00:51 +0000  copying file ./assets/assets/images/global/flags/german.png ... 
2025-10-18 23:00:51 +0000  1008 bytes for ./assets/assets/images/global/flags/german.png
2025-10-18 23:00:51 +0000  copying file ./assets/assets/images/global/flags/pakistan.png ... 
2025-10-18 23:00:51 +0000  23570 bytes for ./assets/assets/images/global/flags/pakistan.png
2025-10-18 23:00:51 +0000  copying file ./assets/assets/images/global/flags/spanish.png ... 
2025-10-18 23:00:51 +0000  5017 bytes for ./assets/assets/images/global/flags/spanish.png
2025-10-18 23:00:51 +0000  copying file ./assets/assets/images/global/flags/italian.png ... 
2025-10-18 23:00:51 +0000  343 bytes for ./assets/assets/images/global/flags/italian.png
2025-10-18 23:00:51 +0000  copying file ./assets/assets/images/global/flags/UnitedArabEmirates.png ... 
2025-10-18 23:00:51 +0000  222 bytes for ./assets/assets/images/global/flags/UnitedArabEmirates.png
2025-10-18 23:00:51 +0000  copying file ./assets/assets/images/global/flags/india.png ... 
2025-10-18 23:00:51 +0000  827 bytes for ./assets/assets/images/global/flags/india.png
copying file ./assets/assets/images/global/flags/UnitedStates.png ... 
2025-10-18 23:00:51 +0000  1251 bytes for ./assets/assets/images/global/flags/UnitedStates.png
2025-10-18 23:00:51 +0000  copying file ./assets/assets/images/global/zoom.png ... 
2025-10-18 23:00:51 +0000  8239 bytes for ./assets/assets/images/global/zoom.png
2025-10-18 23:00:51 +0000  copying file ./assets/assets/images/global/dark-logo.png ... 
2025-10-18 23:00:51 +0000  7042 bytes for ./assets/assets/images/global/dark-logo.png
2025-10-18 23:00:51 +0000  copying file ./assets/assets/images/global/light-logo.png ... 
2025-10-18 23:00:51 +0000  5536 bytes for ./assets/assets/images/global/light-logo.png
2025-10-18 23:00:51 +0000  copying file ./assets/assets/images/global/user.png ... 
2025-10-18 23:00:51 +0000  5659 bytes for ./assets/assets/images/global/user.png
2025-10-18 23:00:51 +0000  copying file ./assets/assets/images/global/icons/speedometer.png ... 
2025-10-18 23:00:51 +0000  1607 bytes for ./assets/assets/images/global/icons/speedometer.png
copying file ./assets/assets/images/global/icons/headphones.png ... 
2025-10-18 23:00:51 +0000  1469 bytes for ./assets/assets/images/global/icons/headphones.png
2025-10-18 23:00:51 +0000  copying file ./assets/assets/images/global/icons/card.png ... 
2025-10-18 23:00:51 +0000  641 bytes for ./assets/assets/images/global/icons/card.png
2025-10-18 23:00:51 +0000  copying file ./assets/assets/images/global/icons/plus.png ... 
2025-10-18 23:00:51 +0000  1268 bytes for ./assets/assets/images/global/icons/plus.png
copying file ./assets/assets/images/global/icons/design.png ... 
2025-10-18 23:00:51 +0000  1710 bytes for ./assets/assets/images/global/icons/design.png
2025-10-18 23:00:51 +0000  copying file ./assets/assets/images/global/icons/Paper.png ... 
2025-10-18 23:00:51 +0000  911 bytes for ./assets/assets/images/global/icons/Paper.png
2025-10-18 23:00:51 +0000  copying file ./assets/assets/images/global/icons/chat2.png ... 
2025-10-18 23:00:51 +0000  1954 bytes for ./assets/assets/images/global/icons/chat2.png
2025-10-18 23:00:51 +0000  copying file ./assets/assets/images/global/icons/exchange.png ... 
2025-10-18 23:00:51 +0000  515 bytes for ./assets/assets/images/global/icons/exchange.png
2025-10-18 23:00:51 +0000  copying file ./assets/assets/images/global/icons/bell.png ... 
2025-10-18 23:00:51 +0000  1619 bytes for ./assets/assets/images/global/icons/bell.png
2025-10-18 23:00:51 +0000  copying file ./assets/assets/images/global/icons/wallet.png ... 
2025-10-18 23:00:51 +0000  996 bytes for ./assets/assets/images/global/icons/wallet.png
2025-10-18 23:00:51 +0000  copying file ./assets/assets/images/global/icons/book.png ... 
2025-10-18 23:00:51 +0000  1172 bytes for ./assets/assets/images/global/icons/book.png
2025-10-18 23:00:51 +0000  copying file ./assets/assets/images/global/icons/setting3.png ... 
2025-10-18 23:00:51 +0000  1731 bytes for ./assets/assets/images/global/icons/setting3.png
copying file ./assets/assets/images/global/icons/search2.png ... 
2025-10-18 23:00:51 +0000  1776 bytes for ./assets/assets/images/global/icons/search2.png
copying file ./assets/assets/images/global/icons/color-circle.png ... 
2025-10-18 23:00:51 +0000  2093 bytes for ./assets/assets/images/global/icons/color-circle.png
2025-10-18 23:00:51 +0000  copying file ./assets/assets/images/global/icons/setting2.png ... 
2025-10-18 23:00:51 +0000  988 bytes for ./assets/assets/images/global/icons/setting2.png
2025-10-18 23:00:51 +0000  copying file ./assets/assets/images/global/icons/discount.png ... 
2025-10-18 23:00:51 +0000  1816 bytes for ./assets/assets/images/global/icons/discount.png
2025-10-18 23:00:51 +0000  copying file ./assets/assets/images/global/icons/to-do-list.png ... 
2025-10-18 23:00:51 +0000  1445 bytes for ./assets/assets/images/global/icons/to-do-list.png
2025-10-18 23:00:51 +0000  copying file ./assets/assets/images/global/icons/system-update.png ... 
2025-10-18 23:00:51 +0000  2298 bytes for ./assets/assets/images/global/icons/system-update.png
2025-10-18 23:00:51 +0000  copying file ./assets/assets/images/global/icons/fuel.png ... 
2025-10-18 23:00:51 +0000  1556 bytes for ./assets/assets/images/global/icons/fuel.png
2025-10-18 23:00:51 +0000  copying file ./assets/assets/images/global/icons/sparkle.png ... 
2025-10-18 23:00:51 +0000  757 bytes for ./assets/assets/images/global/icons/sparkle.png
2025-10-18 23:00:51 +0000  copying file ./assets/assets/images/global/icons/pawprint.png ... 
2025-10-18 23:00:51 +0000  2240 bytes for ./assets/assets/images/global/icons/pawprint.png
2025-10-18 23:00:51 +0000  copying file ./assets/assets/images/global/icons/logout.png ... 
2025-10-18 23:00:51 +0000  967 bytes for ./assets/assets/images/global/icons/logout.png
copying file ./assets/assets/images/global/icons/reels.png ... 
2025-10-18 23:00:51 +0000  1384 bytes for ./assets/assets/images/global/icons/reels.png
2025-10-18 23:00:51 +0000  copying file ./assets/assets/images/global/icons/promotion.png ... 
2025-10-18 23:00:51 +0000  2064 bytes for ./assets/assets/images/global/icons/promotion.png
copying file ./assets/assets/images/global/icons/library.png ... 
2025-10-18 23:00:51 +0000  665 bytes for ./assets/assets/images/global/icons/library.png
copying file ./assets/assets/images/global/icons/home.png ... 
2025-10-18 23:00:51 +0000  715 bytes for ./assets/assets/images/global/icons/home.png
2025-10-18 23:00:51 +0000  copying file ./assets/assets/images/global/icons/user.png ... 
2025-10-18 23:00:51 +0000  1188 bytes for ./assets/assets/images/global/icons/user.png
2025-10-18 23:00:51 +0000  copying file ./assets/assets/images/global/icons/restaurant.png ... 
2025-10-18 23:00:51 +0000  1128 bytes for ./assets/assets/images/global/icons/restaurant.png
2025-10-18 23:00:51 +0000  copying file ./assets/assets/images/global/icons/phonepe.png ... 
2025-10-18 23:00:51 +0000  2962 bytes for ./assets/assets/images/global/icons/phonepe.png
2025-10-18 23:00:51 +0000  copying file ./assets/assets/images/global/icons/figma.png ... 
2025-10-18 23:00:51 +0000  1163 bytes for ./assets/assets/images/global/icons/figma.png
copying file ./assets/assets/images/global/icons/like.png ... 
2025-10-18 23:00:51 +0000  1099 bytes for ./assets/assets/images/global/icons/like.png
copying file ./assets/assets/images/global/icons/likes.png ... 
2025-10-18 23:00:51 +0000  4458 bytes for ./assets/assets/images/global/icons/likes.png
2025-10-18 23:00:51 +0000  copying file ./assets/assets/images/global/icons/list.png ... 
2025-10-18 23:00:51 +0000  1775 bytes for ./assets/assets/images/global/icons/list.png
2025-10-18 23:00:51 +0000  copying file ./assets/assets/images/global/icons/grid.png ... 
2025-10-18 23:00:51 +0000  1610 bytes for ./assets/assets/images/global/icons/grid.png
2025-10-18 23:00:51 +0000  copying file ./assets/assets/images/global/icons/search.png ... 
2025-10-18 23:00:51 +0000  1477 bytes for ./assets/assets/images/global/icons/search.png
copying file ./assets/assets/images/global/icons/gearbox.png ... 
2025-10-18 23:00:51 +0000  1475 bytes for ./assets/assets/images/global/icons/gearbox.png
2025-10-18 23:00:51 +0000  copying file ./assets/assets/images/global/icons/shootcase.png ... 
2025-10-18 23:00:51 +0000  1564 bytes for ./assets/assets/images/global/icons/shootcase.png
copying file ./assets/assets/images/global/icons/heart.png ... 
2025-10-18 23:00:51 +0000  1186 bytes for ./assets/assets/images/global/icons/heart.png
2025-10-18 23:00:51 +0000  copying file ./assets/assets/images/global/icons/user3.png ... 
2025-10-18 23:00:51 +0000  1512 bytes for ./assets/assets/images/global/icons/user3.png
copying file ./assets/assets/images/global/icons/user2.png ... 
2025-10-18 23:00:51 +0000  1420 bytes for ./assets/assets/images/global/icons/user2.png
2025-10-18 23:00:51 +0000  copying file ./assets/assets/images/global/icons/user1.png ... 
2025-10-18 23:00:51 +0000  1731 bytes for ./assets/assets/images/global/icons/user1.png
2025-10-18 23:00:51 +0000  copying file ./assets/assets/images/global/icons/suitcase.png ... 
2025-10-18 23:00:51 +0000  1370 bytes for ./assets/assets/images/global/icons/suitcase.png
2025-10-18 23:00:51 +0000  copying file ./assets/assets/images/global/icons/blog.png ... 
2025-10-18 23:00:51 +0000  1309 bytes for ./assets/assets/images/global/icons/blog.png
copying file ./assets/assets/images/global/icons/supermarket.png ... 
2025-10-18 23:00:51 +0000  1172 bytes for ./assets/assets/images/global/icons/supermarket.png
copying file ./assets/assets/images/global/icons/heart2.png ... 
2025-10-18 23:00:51 +0000  1224 bytes for ./assets/assets/images/global/icons/heart2.png
copying file ./assets/assets/images/global/icons/collage.png ... 
2025-10-18 23:00:51 +0000  945 bytes for ./assets/assets/images/global/icons/collage.png
copying file ./assets/assets/images/global/icons/pay.png ... 
2025-10-18 23:00:51 +0000  1269 bytes for ./assets/assets/images/global/icons/pay.png
copying file ./assets/assets/images/global/icons/react.png ... 
2025-10-18 23:00:51 +0000  2344 bytes for ./assets/assets/images/global/icons/react.png
copying file ./assets/assets/images/global/icons/video.png ... 
2025-10-18 23:00:51 +0000  1384 bytes for ./assets/assets/images/global/icons/video.png
2025-10-18 23:00:51 +0000  copying file ./assets/assets/images/global/icons/gift.png ... 
2025-10-18 23:00:51 +0000  1155 bytes for ./assets/assets/images/global/icons/gift.png
2025-10-18 23:00:51 +0000  copying file ./assets/assets/images/global/icons/subscribes.png ... 
2025-10-18 23:00:51 +0000  624 bytes for ./assets/assets/images/global/icons/subscribes.png
copying file ./assets/assets/images/global/icons/sketch.png ... 
2025-10-18 23:00:51 +0000  1040 bytes for ./assets/assets/images/global/icons/sketch.png
2025-10-18 23:00:51 +0000  copying file ./assets/assets/images/global/icons/language.png ... 
2025-10-18 23:00:51 +0000  1740 bytes for ./assets/assets/images/global/icons/language.png
copying file ./assets/assets/images/global/icons/clock.png ... 
2025-10-18 23:00:51 +0000  1471 bytes for ./assets/assets/images/global/icons/clock.png
copying file ./assets/assets/images/global/icons/development.png ... 
2025-10-18 23:00:51 +0000  1230 bytes for ./assets/assets/images/global/icons/development.png
2025-10-18 23:00:51 +0000  copying file ./assets/assets/images/global/icons/home3.png ... 
2025-10-18 23:00:51 +0000  932 bytes for ./assets/assets/images/global/icons/home3.png
2025-10-18 23:00:51 +0000  copying file ./assets/assets/images/global/icons/bank.png ... 
2025-10-18 23:00:51 +0000  1244 bytes for ./assets/assets/images/global/icons/bank.png
2025-10-18 23:00:51 +0000  copying file ./assets/assets/images/global/icons/cash.png ... 
2025-10-18 23:00:51 +0000  1736 bytes for ./assets/assets/images/global/icons/cash.png
2025-10-18 23:00:51 +0000  copying file ./assets/assets/images/global/icons/photoshop.png ... 
2025-10-18 23:00:51 +0000  764 bytes for ./assets/assets/images/global/icons/photoshop.png
2025-10-18 23:00:51 +0000  copying file ./assets/assets/images/global/icons/appdeveloper.png ... 
2025-10-18 23:00:51 +0000  1573 bytes for ./assets/assets/images/global/icons/appdeveloper.png
copying file ./assets/assets/images/global/icons/home2.png ... 
2025-10-18 23:00:51 +0000  1237 bytes for ./assets/assets/images/global/icons/home2.png
2025-10-18 23:00:51 +0000  copying file ./assets/assets/images/global/icons/star.png ... 
2025-10-18 23:00:51 +0000  756 bytes for ./assets/assets/images/global/icons/star.png
2025-10-18 23:00:51 +0000  copying file ./assets/assets/images/global/icons/star3.png ... 
2025-10-18 23:00:51 +0000  1220 bytes for ./assets/assets/images/global/icons/star3.png
2025-10-18 23:00:51 +0000  copying file ./assets/assets/images/global/icons/network.png ... 
2025-10-18 23:00:51 +0000  1599 bytes for ./assets/assets/images/global/icons/network.png
2025-10-18 23:00:51 +0000  copying file ./assets/assets/images/global/icons/photo-camera.png ... 
2025-10-18 23:00:51 +0000  1496 bytes for ./assets/assets/images/global/icons/photo-camera.png
2025-10-18 23:00:51 +0000  copying file ./assets/assets/images/global/icons/love.png ... 
2025-10-18 23:00:51 +0000  2248 bytes for ./assets/assets/images/global/icons/love.png
2025-10-18 23:00:51 +0000  copying file ./assets/assets/images/global/icons/star2.png ... 
2025-10-18 23:00:51 +0000  1221 bytes for ./assets/assets/images/global/icons/star2.png
2025-10-18 23:00:51 +0000  copying file ./assets/assets/images/global/icons/addition.png ... 
2025-10-18 23:00:51 +0000  839 bytes for ./assets/assets/images/global/icons/addition.png
copying file ./assets/assets/images/global/icons/google.png ... 
2025-10-18 23:00:51 +0000  1994 bytes for ./assets/assets/images/global/icons/google.png
copying file ./assets/assets/images/global/icons/home1.png ... 
2025-10-18 23:00:51 +0000  1038 bytes for ./assets/assets/images/global/icons/home1.png
2025-10-18 23:00:51 +0000  copying file ./assets/assets/images/global/icons/facebook.png ... 
2025-10-18 23:00:51 +0000  1664 bytes for ./assets/assets/images/global/icons/facebook.png
copying file ./assets/assets/images/global/icons/chat.png ... 
2025-10-18 23:00:51 +0000  1259 bytes for ./assets/assets/images/global/icons/chat.png
2025-10-18 23:00:51 +0000  copying file ./assets/assets/images/global/icons/thumbs-up.png ... 
2025-10-18 23:00:51 +0000  2210 bytes for ./assets/assets/images/global/icons/thumbs-up.png
2025-10-18 23:00:51 +0000  copying file ./assets/assets/images/global/icons/play.png ... 
2025-10-18 23:00:51 +0000  1648 bytes for ./assets/assets/images/global/icons/play.png
2025-10-18 23:00:51 +0000  copying file ./assets/assets/images/global/icons/Setting.png ... 
2025-10-18 23:00:51 +0000  1525 bytes for ./assets/assets/images/global/icons/Setting.png
2025-10-18 23:00:51 +0000  copying file ./assets/assets/images/global/icons/Image.png ... 
2025-10-18 23:00:51 +0000  1333 bytes for ./assets/assets/images/global/icons/Image.png
2025-10-18 23:00:51 +0000  copying file ./assets/assets/images/global/icons/bag.png ... 
2025-10-18 23:00:51 +0000  930 bytes for ./assets/assets/images/global/icons/bag.png
2025-10-18 23:00:51 +0000  copying file ./assets/assets/images/global/icons/thumb.png ... 
2025-10-18 23:00:51 +0000  1571 bytes for ./assets/assets/images/global/icons/thumb.png
copying file ./assets/assets/images/global/icons/personal.png ... 
2025-10-18 23:00:51 +0000  1920 bytes for ./assets/assets/images/global/icons/personal.png
2025-10-18 23:00:51 +0000  copying file ./assets/assets/images/global/icons/fairtrade.png ... 
2025-10-18 23:00:51 +0000  2001 bytes for ./assets/assets/images/global/icons/fairtrade.png
copying file ./assets/assets/images/global/icons/scheme.png ... 
2025-10-18 23:00:51 +0000  846 bytes for ./assets/assets/images/global/icons/scheme.png
2025-10-18 23:00:51 +0000  copying file ./assets/assets/images/global/dark-icon.png ... 
2025-10-18 23:00:51 +0000  10771 bytes for ./assets/assets/images/global/dark-icon.png
2025-10-18 23:00:51 +0000  copying file ./assets/assets/images/global/chat-background.png ... 
2025-10-18 23:00:51 +0000  61091 bytes for ./assets/assets/images/global/chat-background.png
2025-10-18 23:00:51 +0000  copying file ./assets/assets/images/global/light-icon.png ... 
2025-10-18 23:00:51 +0000  10771 bytes for ./assets/assets/images/global/light-icon.png
2025-10-18 23:00:51 +0000  copying file ./assets/assets/images/global/google.png ... 
2025-10-18 23:00:51 +0000  10950 bytes for ./assets/assets/images/global/google.png
2025-10-18 23:00:51 +0000  copying file ./assets/assets/images/global/darker-logo.png ... 
2025-10-18 23:00:51 +0000  2397 bytes for ./assets/assets/images/global/darker-logo.png
2025-10-18 23:00:51 +0000  copying file ./assets/assets/images/global/bg-shape.png ... 
2025-10-18 23:00:51 +0000  6004 bytes for ./assets/assets/images/global/bg-shape.png
2025-10-18 23:00:51 +0000  copying file ./assets/assets/images/splash-icon.png ... 
2025-10-18 23:00:51 +0000  16975 bytes for ./assets/assets/images/splash-icon.png
2025-10-18 23:00:51 +0000  copying file ./assets/assets/fonts/ElMessiri-Regular.ttf ... 
2025-10-18 23:00:51 +0000  86460 bytes for ./assets/assets/fonts/ElMessiri-Regular.ttf
2025-10-18 23:00:51 +0000  copying file ./assets/assets/fonts/Nunito-Regular.ttf ... 
2025-10-18 23:00:51 +0000  132204 bytes for ./assets/assets/fonts/Nunito-Regular.ttf
2025-10-18 23:00:51 +0000  copying file ./Info.plist ... 
2025-10-18 23:00:51 +0000  2515 bytes for ./Info.plist
copying file ./Expo.plist ... 
2025-10-18 23:00:51 +0000  132 bytes for ./Expo.plist
2025-10-18 23:00:51 +0000  copying file ./RNCAsyncStorage_resources.bundle/PrivacyInfo.xcprivacy ... 
2025-10-18 23:00:51 +0000  512 bytes for ./RNCAsyncStorage_resources.bundle/PrivacyInfo.xcprivacy
copying file ./RNCAsyncStorage_resources.bundle/Info.plist ... 
2025-10-18 23:00:51 +0000  800 bytes for ./RNCAsyncStorage_resources.bundle/Info.plist
2025-10-18 23:00:51 +0000  copying file ./PkgInfo ... 
2025-10-18 23:00:51 +0000  8 bytes for ./PkgInfo
2025-10-18 23:00:51 +0000  copying file ./React-Core_privacy.bundle/PrivacyInfo.xcprivacy ... 
2025-10-18 23:00:51 +0000  768 bytes for ./React-Core_privacy.bundle/PrivacyInfo.xcprivacy
copying file ./React-Core_privacy.bundle/Info.plist ... 
2025-10-18 23:00:51 +0000  786 bytes for ./React-Core_privacy.bundle/Info.plist
2025-10-18 23:00:51 +0000  /usr/bin/ditto exited with 0
2025-10-18 23:00:51 +0000  Processing step: IDEDistributionEmbedProfileStep
2025-10-18 23:00:51 +0000  Skipping profile for item: <IDEDistributionItem: 0x60002004cc00; bundleID='us.zoom.CptShare', path='<DVTFilePath:0x600014140d20:'/Users/andrewsimon/Library/Developer/Xcode/Archives/2025-10-19/HaroonAdvisors 19-10-2025, 3.28 AM.xcarchive/Products/Applications/HaroonAdvisors.app/Frameworks/CptShare.framework'>', codeSigningInfo='<_DVTCodeSigningInformation_Path: 0x600018a429e0; isSigned='1', isAdHocSigned='0', signingCertificate='<DVTSigningCertificate: 0x600009062e80; name='Apple Development: Jamal Al Hosani (Q7DWRTCMH6)', hash='FAFB31B8DBEA36B637633D1F56E96F732398A4E6', serialNumber='9BA8A870E2CF32DAFC2A30D5B2262B1', certificateKinds='(
    "1.2.840.113635.100.6.1.12",
    "1.2.840.113635.100.6.1.2"
), issueDate='2025-02-18 23:52:02 +0000''>', entitlements='(null)', teamID='Q85MP6C4D8', identifier='us.zoom.CptShare', executablePath='<DVTFilePath:0x600020fafc00:'/Users/andrewsimon/Library/Developer/Xcode/Archives/2025-10-19/HaroonAdvisors 19-10-2025, 3.28 AM.xcarchive/Products/Applications/HaroonAdvisors.app/Frameworks/CptShare.framework/CptShare'>', hardenedRuntime='0'>'>
2025-10-18 23:00:51 +0000  Skipping profile for item: <IDEDistributionItem: 0x600020049740; bundleID='us.zoom.videoSDK', path='<DVTFilePath:0x60001414c460:'/Users/andrewsimon/Library/Developer/Xcode/Archives/2025-10-19/HaroonAdvisors 19-10-2025, 3.28 AM.xcarchive/Products/Applications/HaroonAdvisors.app/Frameworks/ZoomVideoSDK.framework'>', codeSigningInfo='<_DVTCodeSigningInformation_Path: 0x600018931180; isSigned='1', isAdHocSigned='0', signingCertificate='<DVTSigningCertificate: 0x60000905a1c0; name='Apple Development: Jamal Al Hosani (Q7DWRTCMH6)', hash='FAFB31B8DBEA36B637633D1F56E96F732398A4E6', serialNumber='9BA8A870E2CF32DAFC2A30D5B2262B1', certificateKinds='(
    "1.2.840.113635.100.6.1.12",
    "1.2.840.113635.100.6.1.2"
), issueDate='2025-02-18 23:52:02 +0000''>', entitlements='(null)', teamID='Q85MP6C4D8', identifier='us.zoom.videoSDK', executablePath='<DVTFilePath:0x600020fa4180:'/Users/andrewsimon/Library/Developer/Xcode/Archives/2025-10-19/HaroonAdvisors 19-10-2025, 3.28 AM.xcarchive/Products/Applications/HaroonAdvisors.app/Frameworks/ZoomVideoSDK.framework/ZoomVideoSDK'>', hardenedRuntime='0'>'>
2025-10-18 23:00:51 +0000  Skipping profile for item: <IDEDistributionItem: 0x6000200498c0; bundleID='dev.hermesengine.iphoneos', path='<DVTFilePath:0x600014140fc0:'/Users/andrewsimon/Library/Developer/Xcode/Archives/2025-10-19/HaroonAdvisors 19-10-2025, 3.28 AM.xcarchive/Products/Applications/HaroonAdvisors.app/Frameworks/hermes.framework'>', codeSigningInfo='<_DVTCodeSigningInformation_Path: 0x600018cc86e0; isSigned='1', isAdHocSigned='0', signingCertificate='<DVTSigningCertificate: 0x600009062e80; name='Apple Development: Jamal Al Hosani (Q7DWRTCMH6)', hash='FAFB31B8DBEA36B637633D1F56E96F732398A4E6', serialNumber='9BA8A870E2CF32DAFC2A30D5B2262B1', certificateKinds='(
    "1.2.840.113635.100.6.1.12",
    "1.2.840.113635.100.6.1.2"
), issueDate='2025-02-18 23:52:02 +0000''>', entitlements='(null)', teamID='Q85MP6C4D8', identifier='dev.hermesengine.iphoneos', executablePath='<DVTFilePath:0x600020fa01e0:'/Users/andrewsimon/Library/Developer/Xcode/Archives/2025-10-19/HaroonAdvisors 19-10-2025, 3.28 AM.xcarchive/Products/Applications/HaroonAdvisors.app/Frameworks/hermes.framework/hermes'>', hardenedRuntime='0'>'>
2025-10-18 23:00:51 +0000  Skipping profile for item: <IDEDistributionItem: 0x60002004cea0; bundleID='com.zoom.annoter', path='<DVTFilePath:0x600014141180:'/Users/andrewsimon/Library/Developer/Xcode/Archives/2025-10-19/HaroonAdvisors 19-10-2025, 3.28 AM.xcarchive/Products/Applications/HaroonAdvisors.app/Frameworks/zm_annoter_dynamic.framework'>', codeSigningInfo='<_DVTCodeSigningInformation_Path: 0x600018a72210; isSigned='1', isAdHocSigned='0', signingCertificate='<DVTSigningCertificate: 0x600009062e80; name='Apple Development: Jamal Al Hosani (Q7DWRTCMH6)', hash='FAFB31B8DBEA36B637633D1F56E96F732398A4E6', serialNumber='9BA8A870E2CF32DAFC2A30D5B2262B1', certificateKinds='(
    "1.2.840.113635.100.6.1.12",
    "1.2.840.113635.100.6.1.2"
), issueDate='2025-02-18 23:52:02 +0000''>', entitlements='(null)', teamID='Q85MP6C4D8', identifier='com.zoom.annoter', executablePath='<DVTFilePath:0x6000141413b0:'/Users/andrewsimon/Library/Developer/Xcode/Archives/2025-10-19/HaroonAdvisors 19-10-2025, 3.28 AM.xcarchive/Products/Applications/HaroonAdvisors.app/Frameworks/zm_annoter_dynamic.framework/zm_annoter_dynamic'>', hardenedRuntime='0'>'>
2025-10-18 23:00:51 +0000  Skipping profile for item: <IDEDistributionItem: 0x600020052a60; bundleID='com.zoom.us.cmlFramework', path='<DVTFilePath:0x600014141490:'/Users/andrewsimon/Library/Developer/Xcode/Archives/2025-10-19/HaroonAdvisors 19-10-2025, 3.28 AM.xcarchive/Products/Applications/HaroonAdvisors.app/Frameworks/zoomcml.framework'>', codeSigningInfo='<_DVTCodeSigningInformation_Path: 0x600018c122b0; isSigned='1', isAdHocSigned='0', signingCertificate='<DVTSigningCertificate: 0x600009062e80; name='Apple Development: Jamal Al Hosani (Q7DWRTCMH6)', hash='FAFB31B8DBEA36B637633D1F56E96F732398A4E6', serialNumber='9BA8A870E2CF32DAFC2A30D5B2262B1', certificateKinds='(
    "1.2.840.113635.100.6.1.12",
    "1.2.840.113635.100.6.1.2"
), issueDate='2025-02-18 23:52:02 +0000''>', entitlements='(null)', teamID='Q85MP6C4D8', identifier='com.zoom.us.cmlFramework', executablePath='<DVTFilePath:0x600020fabba0:'/Users/andrewsimon/Library/Developer/Xcode/Archives/2025-10-19/HaroonAdvisors 19-10-2025, 3.28 AM.xcarchive/Products/Applications/HaroonAdvisors.app/Frameworks/zoomcml.framework/zoomcml'>', hardenedRuntime='0'>'>
2025-10-18 23:00:51 +0000  Processing step: IDEDistributionInfoPlistStep
2025-10-18 23:00:51 +0000  Skipping step: IDEDistributionInfoPlistStep because it said so
2025-10-18 23:00:51 +0000  Skipping step: IDEDistributionInfoPlistStep because it said so
2025-10-18 23:00:51 +0000  Skipping step: IDEDistributionInfoPlistStep because it said so
2025-10-18 23:00:51 +0000  Skipping step: IDEDistributionInfoPlistStep because it said so
2025-10-18 23:00:51 +0000  Skipping step: IDEDistributionInfoPlistStep because it said so
2025-10-18 23:00:51 +0000  Skipping step: IDEDistributionInfoPlistStep because it said so
2025-10-18 23:00:51 +0000  Processing step: IDEDistributionAppThinningPlistStep
2025-10-18 23:00:51 +0000  Skipping step: IDEDistributionAppThinningPlistStep because it said so
2025-10-18 23:00:51 +0000  Processing step: IDEDistributionSymbolsStep
2025-10-18 23:00:51 +0000  Skipping step: IDEDistributionSymbolsStep because it said so
2025-10-18 23:00:51 +0000  Processing step: IDEDistributionAppThinningStep
2025-10-18 23:00:51 +0000  Skipping step: IDEDistributionAppThinningStep because it said so
2025-10-18 23:00:51 +0000  Processing step: IDEDistributionArchThinningStep
2025-10-18 23:00:51 +0000  Item /Users/andrewsimon/Library/Developer/Xcode/Archives/2025-10-19/HaroonAdvisors 19-10-2025, 3.28 AM.xcarchive/Products/Applications/HaroonAdvisors.app/Frameworks/CptShare.framework doesn't have the entitlement com.apple.developer.web-browser-engine.host enabled, returning ["arm64e"]
2025-10-18 23:00:51 +0000  Archs to thin for item /Users/andrewsimon/Library/Developer/Xcode/Archives/2025-10-19/HaroonAdvisors 19-10-2025, 3.28 AM.xcarchive/Products/Applications/HaroonAdvisors.app/Frameworks/CptShare.framework are ["arm64e"]
2025-10-18 23:00:51 +0000  Running /Applications/Xcode.app/Contents/Developer/Toolchains/XcodeDefault.xctoolchain/usr/bin/lipo '/var/folders/mg/p_q2g1016s35lb8qsk419hjc0000gn/T/XcodeDistPipeline.~~~5APKi8/Root/Payload/HaroonAdvisors.app/Frameworks/CptShare.framework/CptShare' '-verify_arch' 'arm64e'
2025-10-18 23:00:51 +0000  /Applications/Xcode.app/Contents/Developer/Toolchains/XcodeDefault.xctoolchain/usr/bin/lipo exited with 1
2025-10-18 23:00:51 +0000  Skipping architecture thinning for item "CptShare" because arch "arm64e" wasn't found
2025-10-18 23:00:51 +0000  Item /Users/andrewsimon/Library/Developer/Xcode/Archives/2025-10-19/HaroonAdvisors 19-10-2025, 3.28 AM.xcarchive/Products/Applications/HaroonAdvisors.app/Frameworks/ZoomVideoSDK.framework doesn't have the entitlement com.apple.developer.web-browser-engine.host enabled, returning ["arm64e"]
2025-10-18 23:00:51 +0000  Archs to thin for item /Users/andrewsimon/Library/Developer/Xcode/Archives/2025-10-19/HaroonAdvisors 19-10-2025, 3.28 AM.xcarchive/Products/Applications/HaroonAdvisors.app/Frameworks/ZoomVideoSDK.framework are ["arm64e"]
2025-10-18 23:00:51 +0000  Running /Applications/Xcode.app/Contents/Developer/Toolchains/XcodeDefault.xctoolchain/usr/bin/lipo '/var/folders/mg/p_q2g1016s35lb8qsk419hjc0000gn/T/XcodeDistPipeline.~~~5APKi8/Root/Payload/HaroonAdvisors.app/Frameworks/ZoomVideoSDK.framework/ZoomVideoSDK' '-verify_arch' 'arm64e'
2025-10-18 23:00:51 +0000  /Applications/Xcode.app/Contents/Developer/Toolchains/XcodeDefault.xctoolchain/usr/bin/lipo exited with 1
2025-10-18 23:00:51 +0000  Skipping architecture thinning for item "ZoomVideoSDK" because arch "arm64e" wasn't found
2025-10-18 23:00:52 +0000  Item /Users/andrewsimon/Library/Developer/Xcode/Archives/2025-10-19/HaroonAdvisors 19-10-2025, 3.28 AM.xcarchive/Products/Applications/HaroonAdvisors.app/Frameworks/hermes.framework doesn't have the entitlement com.apple.developer.web-browser-engine.host enabled, returning ["arm64e"]
2025-10-18 23:00:52 +0000  Archs to thin for item /Users/andrewsimon/Library/Developer/Xcode/Archives/2025-10-19/HaroonAdvisors 19-10-2025, 3.28 AM.xcarchive/Products/Applications/HaroonAdvisors.app/Frameworks/hermes.framework are ["arm64e"]
2025-10-18 23:00:52 +0000  Running /Applications/Xcode.app/Contents/Developer/Toolchains/XcodeDefault.xctoolchain/usr/bin/lipo '/var/folders/mg/p_q2g1016s35lb8qsk419hjc0000gn/T/XcodeDistPipeline.~~~5APKi8/Root/Payload/HaroonAdvisors.app/Frameworks/hermes.framework/hermes' '-verify_arch' 'arm64e'
2025-10-18 23:00:52 +0000  /Applications/Xcode.app/Contents/Developer/Toolchains/XcodeDefault.xctoolchain/usr/bin/lipo exited with 1
2025-10-18 23:00:52 +0000  Skipping architecture thinning for item "hermes" because arch "arm64e" wasn't found
2025-10-18 23:00:52 +0000  Item /Users/andrewsimon/Library/Developer/Xcode/Archives/2025-10-19/HaroonAdvisors 19-10-2025, 3.28 AM.xcarchive/Products/Applications/HaroonAdvisors.app/Frameworks/zm_annoter_dynamic.framework doesn't have the entitlement com.apple.developer.web-browser-engine.host enabled, returning ["arm64e"]
2025-10-18 23:00:52 +0000  Archs to thin for item /Users/andrewsimon/Library/Developer/Xcode/Archives/2025-10-19/HaroonAdvisors 19-10-2025, 3.28 AM.xcarchive/Products/Applications/HaroonAdvisors.app/Frameworks/zm_annoter_dynamic.framework are ["arm64e"]
2025-10-18 23:00:52 +0000  Running /Applications/Xcode.app/Contents/Developer/Toolchains/XcodeDefault.xctoolchain/usr/bin/lipo '/var/folders/mg/p_q2g1016s35lb8qsk419hjc0000gn/T/XcodeDistPipeline.~~~5APKi8/Root/Payload/HaroonAdvisors.app/Frameworks/zm_annoter_dynamic.framework/zm_annoter_dynamic' '-verify_arch' 'arm64e'
2025-10-18 23:00:52 +0000  /Applications/Xcode.app/Contents/Developer/Toolchains/XcodeDefault.xctoolchain/usr/bin/lipo exited with 1
2025-10-18 23:00:52 +0000  Skipping architecture thinning for item "zm_annoter_dynamic" because arch "arm64e" wasn't found
2025-10-18 23:00:52 +0000  Item /Users/andrewsimon/Library/Developer/Xcode/Archives/2025-10-19/HaroonAdvisors 19-10-2025, 3.28 AM.xcarchive/Products/Applications/HaroonAdvisors.app/Frameworks/zoomcml.framework doesn't have the entitlement com.apple.developer.web-browser-engine.host enabled, returning ["arm64e"]
2025-10-18 23:00:52 +0000  Archs to thin for item /Users/andrewsimon/Library/Developer/Xcode/Archives/2025-10-19/HaroonAdvisors 19-10-2025, 3.28 AM.xcarchive/Products/Applications/HaroonAdvisors.app/Frameworks/zoomcml.framework are ["arm64e"]
2025-10-18 23:00:52 +0000  Running /Applications/Xcode.app/Contents/Developer/Toolchains/XcodeDefault.xctoolchain/usr/bin/lipo '/var/folders/mg/p_q2g1016s35lb8qsk419hjc0000gn/T/XcodeDistPipeline.~~~5APKi8/Root/Payload/HaroonAdvisors.app/Frameworks/zoomcml.framework/zoomcml' '-verify_arch' 'arm64e'
2025-10-18 23:00:52 +0000  /Applications/Xcode.app/Contents/Developer/Toolchains/XcodeDefault.xctoolchain/usr/bin/lipo exited with 1
2025-10-18 23:00:52 +0000  Skipping architecture thinning for item "zoomcml" because arch "arm64e" wasn't found
2025-10-18 23:00:52 +0000  Item /Users/andrewsimon/Library/Developer/Xcode/Archives/2025-10-19/HaroonAdvisors 19-10-2025, 3.28 AM.xcarchive/Products/Applications/HaroonAdvisors.app doesn't have the entitlement com.apple.developer.web-browser-engine.host enabled, returning ["arm64e"]
2025-10-18 23:00:52 +0000  Archs to thin for item /Users/andrewsimon/Library/Developer/Xcode/Archives/2025-10-19/HaroonAdvisors 19-10-2025, 3.28 AM.xcarchive/Products/Applications/HaroonAdvisors.app are ["arm64e"]
2025-10-18 23:00:52 +0000  Running /Applications/Xcode.app/Contents/Developer/Toolchains/XcodeDefault.xctoolchain/usr/bin/lipo '/var/folders/mg/p_q2g1016s35lb8qsk419hjc0000gn/T/XcodeDistPipeline.~~~5APKi8/Root/Payload/HaroonAdvisors.app/HaroonAdvisors' '-verify_arch' 'arm64e'
2025-10-18 23:00:52 +0000  /Applications/Xcode.app/Contents/Developer/Toolchains/XcodeDefault.xctoolchain/usr/bin/lipo exited with 1
2025-10-18 23:00:52 +0000  Skipping architecture thinning for item "HaroonAdvisors" because arch "arm64e" wasn't found
2025-10-18 23:00:52 +0000  Processing step: IDEDistributionODRStep
2025-10-18 23:00:52 +0000  Processing step: IDEDistributionStripXattrsStep
2025-10-18 23:00:52 +0000  Skipping stripping extended attributes because the codesign step will strip them.
2025-10-18 23:00:52 +0000  Skipping stripping extended attributes because the codesign step will strip them.
2025-10-18 23:00:52 +0000  Skipping stripping extended attributes because the codesign step will strip them.
2025-10-18 23:00:52 +0000  Skipping stripping extended attributes because the codesign step will strip them.
2025-10-18 23:00:52 +0000  Skipping stripping extended attributes because the codesign step will strip them.
2025-10-18 23:00:52 +0000  Skipping stripping extended attributes because the codesign step will strip them.
2025-10-18 23:00:52 +0000  Processing step: IDEDistributionCodesignStep
2025-10-18 23:00:52 +0000  Entitlements for <IDEDistributionItem: 0x60002004cc00; bundleID='us.zoom.CptShare', path='<DVTFilePath:0x600014140d20:'/Users/andrewsimon/Library/Developer/Xcode/Archives/2025-10-19/HaroonAdvisors 19-10-2025, 3.28 AM.xcarchive/Products/Applications/HaroonAdvisors.app/Frameworks/CptShare.framework'>', codeSigningInfo='<_DVTCodeSigningInformation_Path: 0x600018a429e0; isSigned='1', isAdHocSigned='0', signingCertificate='<DVTSigningCertificate: 0x600009062e80; name='Apple Development: Jamal Al Hosani (Q7DWRTCMH6)', hash='FAFB31B8DBEA36B637633D1F56E96F732398A4E6', serialNumber='9BA8A870E2CF32DAFC2A30D5B2262B1', certificateKinds='(
    "1.2.840.113635.100.6.1.12",
    "1.2.840.113635.100.6.1.2"
), issueDate='2025-02-18 23:52:02 +0000''>', entitlements='(null)', teamID='Q85MP6C4D8', identifier='us.zoom.CptShare', executablePath='<DVTFilePath:0x600020fafc00:'/Users/andrewsimon/Library/Developer/Xcode/Archives/2025-10-19/HaroonAdvisors 19-10-2025, 3.28 AM.xcarchive/Products/Applications/HaroonAdvisors.app/Frameworks/CptShare.framework/CptShare'>', hardenedRuntime='0'>'>: {
}
2025-10-18 23:00:52 +0000  Associated App Clip Identifiers Filter: Skipping because "com.apple.developer.associated-appclip-app-identifiers" is not present
2025-10-18 23:00:52 +0000  Entitlements for <IDEDistributionItem: 0x60002004cc00; bundleID='us.zoom.CptShare', path='<DVTFilePath:0x600014140d20:'/Users/andrewsimon/Library/Developer/Xcode/Archives/2025-10-19/HaroonAdvisors 19-10-2025, 3.28 AM.xcarchive/Products/Applications/HaroonAdvisors.app/Frameworks/CptShare.framework'>', codeSigningInfo='<_DVTCodeSigningInformation_Path: 0x600018a429e0; isSigned='1', isAdHocSigned='0', signingCertificate='<DVTSigningCertificate: 0x60000906f000; name='Apple Development: Jamal Al Hosani (Q7DWRTCMH6)', hash='FAFB31B8DBEA36B637633D1F56E96F732398A4E6', serialNumber='9BA8A870E2CF32DAFC2A30D5B2262B1', certificateKinds='(
    "1.2.840.113635.100.6.1.12",
    "1.2.840.113635.100.6.1.2"
), issueDate='2025-02-18 23:52:02 +0000''>', entitlements='(null)', teamID='Q85MP6C4D8', identifier='us.zoom.CptShare', executablePath='<DVTFilePath:0x600020fafc00:'/Users/andrewsimon/Library/Developer/Xcode/Archives/2025-10-19/HaroonAdvisors 19-10-2025, 3.28 AM.xcarchive/Products/Applications/HaroonAdvisors.app/Frameworks/CptShare.framework/CptShare'>', hardenedRuntime='0'>'> are: {
}
2025-10-18 23:00:52 +0000  Writing entitlements for <IDEDistributionItem: 0x60002004cc00; bundleID='us.zoom.CptShare', path='<DVTFilePath:0x600014140d20:'/Users/andrewsimon/Library/Developer/Xcode/Archives/2025-10-19/HaroonAdvisors 19-10-2025, 3.28 AM.xcarchive/Products/Applications/HaroonAdvisors.app/Frameworks/CptShare.framework'>', codeSigningInfo='<_DVTCodeSigningInformation_Path: 0x600018a429e0; isSigned='1', isAdHocSigned='0', signingCertificate='<DVTSigningCertificate: 0x60000906e4c0; name='Apple Development: Jamal Al Hosani (Q7DWRTCMH6)', hash='FAFB31B8DBEA36B637633D1F56E96F732398A4E6', serialNumber='9BA8A870E2CF32DAFC2A30D5B2262B1', certificateKinds='(
    "1.2.840.113635.100.6.1.12",
    "1.2.840.113635.100.6.1.2"
), issueDate='2025-02-18 23:52:02 +0000''>', entitlements='(null)', teamID='Q85MP6C4D8', identifier='us.zoom.CptShare', executablePath='<DVTFilePath:0x600020fafc00:'/Users/andrewsimon/Library/Developer/Xcode/Archives/2025-10-19/HaroonAdvisors 19-10-2025, 3.28 AM.xcarchive/Products/Applications/HaroonAdvisors.app/Frameworks/CptShare.framework/CptShare'>', hardenedRuntime='0'>'> to: /var/folders/mg/p_q2g1016s35lb8qsk419hjc0000gn/T/XcodeDistPipeline.~~~5APKi8/entitlements~~~5hq1V7
2025-10-18 23:00:52 +0000  invoking codesign: <NSConcreteTask: 0x600018c90230; launchPath='/usr/bin/codesign', arguments='(
    "-f",
    "-s",
    4B9687DDCBDB416CAA5B58229A3465688050D656,
    "--entitlements",
    "/var/folders/mg/p_q2g1016s35lb8qsk419hjc0000gn/T/XcodeDistPipeline.~~~5APKi8/entitlements~~~5hq1V7",
    "--preserve-metadata=identifier,flags,runtime",
    "--generate-entitlement-der",
    "--strip-disallowed-xattrs",
    "-vvv",
    "/var/folders/mg/p_q2g1016s35lb8qsk419hjc0000gn/T/XcodeDistPipeline.~~~5APKi8/Root/Payload/HaroonAdvisors.app/Frameworks/CptShare.framework"
)'>
2025-10-18 23:00:52 +0000  codesign output: /var/folders/mg/p_q2g1016s35lb8qsk419hjc0000gn/T/XcodeDistPipeline.~~~5APKi8/Root/Payload/HaroonAdvisors.app/Frameworks/CptShare.framework: replacing existing signature
/var/folders/mg/p_q2g1016s35lb8qsk419hjc0000gn/T/XcodeDistPipeline.~~~5APKi8/Root/Payload/HaroonAdvisors.app/Frameworks/CptShare.framework: signed bundle with Mach-O thin (arm64) [us.zoom.CptShare]
2025-10-18 23:00:52 +0000  Entitlements for <IDEDistributionItem: 0x600020049740; bundleID='us.zoom.videoSDK', path='<DVTFilePath:0x60001414c460:'/Users/andrewsimon/Library/Developer/Xcode/Archives/2025-10-19/HaroonAdvisors 19-10-2025, 3.28 AM.xcarchive/Products/Applications/HaroonAdvisors.app/Frameworks/ZoomVideoSDK.framework'>', codeSigningInfo='<_DVTCodeSigningInformation_Path: 0x600018931180; isSigned='1', isAdHocSigned='0', signingCertificate='<DVTSigningCertificate: 0x600009063000; name='Apple Development: Jamal Al Hosani (Q7DWRTCMH6)', hash='FAFB31B8DBEA36B637633D1F56E96F732398A4E6', serialNumber='9BA8A870E2CF32DAFC2A30D5B2262B1', certificateKinds='(
    "1.2.840.113635.100.6.1.12",
    "1.2.840.113635.100.6.1.2"
), issueDate='2025-02-18 23:52:02 +0000''>', entitlements='(null)', teamID='Q85MP6C4D8', identifier='us.zoom.videoSDK', executablePath='<DVTFilePath:0x600020fa4180:'/Users/andrewsimon/Library/Developer/Xcode/Archives/2025-10-19/HaroonAdvisors 19-10-2025, 3.28 AM.xcarchive/Products/Applications/HaroonAdvisors.app/Frameworks/ZoomVideoSDK.framework/ZoomVideoSDK'>', hardenedRuntime='0'>'>: {
}
2025-10-18 23:00:52 +0000  Associated App Clip Identifiers Filter: Skipping because "com.apple.developer.associated-appclip-app-identifiers" is not present
2025-10-18 23:00:52 +0000  Entitlements for <IDEDistributionItem: 0x600020049740; bundleID='us.zoom.videoSDK', path='<DVTFilePath:0x60001414c460:'/Users/andrewsimon/Library/Developer/Xcode/Archives/2025-10-19/HaroonAdvisors 19-10-2025, 3.28 AM.xcarchive/Products/Applications/HaroonAdvisors.app/Frameworks/ZoomVideoSDK.framework'>', codeSigningInfo='<_DVTCodeSigningInformation_Path: 0x600018931180; isSigned='1', isAdHocSigned='0', signingCertificate='<DVTSigningCertificate: 0x600009063780; name='Apple Development: Jamal Al Hosani (Q7DWRTCMH6)', hash='FAFB31B8DBEA36B637633D1F56E96F732398A4E6', serialNumber='9BA8A870E2CF32DAFC2A30D5B2262B1', certificateKinds='(
    "1.2.840.113635.100.6.1.12",
    "1.2.840.113635.100.6.1.2"
), issueDate='2025-02-18 23:52:02 +0000''>', entitlements='(null)', teamID='Q85MP6C4D8', identifier='us.zoom.videoSDK', executablePath='<DVTFilePath:0x600020fa4180:'/Users/andrewsimon/Library/Developer/Xcode/Archives/2025-10-19/HaroonAdvisors 19-10-2025, 3.28 AM.xcarchive/Products/Applications/HaroonAdvisors.app/Frameworks/ZoomVideoSDK.framework/ZoomVideoSDK'>', hardenedRuntime='0'>'> are: {
}
2025-10-18 23:00:52 +0000  Writing entitlements for <IDEDistributionItem: 0x600020049740; bundleID='us.zoom.videoSDK', path='<DVTFilePath:0x60001414c460:'/Users/andrewsimon/Library/Developer/Xcode/Archives/2025-10-19/HaroonAdvisors 19-10-2025, 3.28 AM.xcarchive/Products/Applications/HaroonAdvisors.app/Frameworks/ZoomVideoSDK.framework'>', codeSigningInfo='<_DVTCodeSigningInformation_Path: 0x600018931180; isSigned='1', isAdHocSigned='0', signingCertificate='<DVTSigningCertificate: 0x60000906f000; name='Apple Development: Jamal Al Hosani (Q7DWRTCMH6)', hash='FAFB31B8DBEA36B637633D1F56E96F732398A4E6', serialNumber='9BA8A870E2CF32DAFC2A30D5B2262B1', certificateKinds='(
    "1.2.840.113635.100.6.1.12",
    "1.2.840.113635.100.6.1.2"
), issueDate='2025-02-18 23:52:02 +0000''>', entitlements='(null)', teamID='Q85MP6C4D8', identifier='us.zoom.videoSDK', executablePath='<DVTFilePath:0x600020fa4180:'/Users/andrewsimon/Library/Developer/Xcode/Archives/2025-10-19/HaroonAdvisors 19-10-2025, 3.28 AM.xcarchive/Products/Applications/HaroonAdvisors.app/Frameworks/ZoomVideoSDK.framework/ZoomVideoSDK'>', hardenedRuntime='0'>'> to: /var/folders/mg/p_q2g1016s35lb8qsk419hjc0000gn/T/XcodeDistPipeline.~~~5APKi8/entitlements~~~K4bERy
2025-10-18 23:00:52 +0000  invoking codesign: <NSConcreteTask: 0x600018c910e0; launchPath='/usr/bin/codesign', arguments='(
    "-f",
    "-s",
    4B9687DDCBDB416CAA5B58229A3465688050D656,
    "--entitlements",
    "/var/folders/mg/p_q2g1016s35lb8qsk419hjc0000gn/T/XcodeDistPipeline.~~~5APKi8/entitlements~~~K4bERy",
    "--preserve-metadata=identifier,flags,runtime",
    "--generate-entitlement-der",
    "--strip-disallowed-xattrs",
    "-vvv",
    "/var/folders/mg/p_q2g1016s35lb8qsk419hjc0000gn/T/XcodeDistPipeline.~~~5APKi8/Root/Payload/HaroonAdvisors.app/Frameworks/ZoomVideoSDK.framework"
)'>
2025-10-18 23:00:52 +0000  codesign output: /var/folders/mg/p_q2g1016s35lb8qsk419hjc0000gn/T/XcodeDistPipeline.~~~5APKi8/Root/Payload/HaroonAdvisors.app/Frameworks/ZoomVideoSDK.framework: replacing existing signature
/var/folders/mg/p_q2g1016s35lb8qsk419hjc0000gn/T/XcodeDistPipeline.~~~5APKi8/Root/Payload/HaroonAdvisors.app/Frameworks/ZoomVideoSDK.framework: signed bundle with Mach-O thin (arm64) [us.zoom.videoSDK]
2025-10-18 23:00:52 +0000  Entitlements for <IDEDistributionItem: 0x6000200498c0; bundleID='dev.hermesengine.iphoneos', path='<DVTFilePath:0x600014140fc0:'/Users/andrewsimon/Library/Developer/Xcode/Archives/2025-10-19/HaroonAdvisors 19-10-2025, 3.28 AM.xcarchive/Products/Applications/HaroonAdvisors.app/Frameworks/hermes.framework'>', codeSigningInfo='<_DVTCodeSigningInformation_Path: 0x600018cc86e0; isSigned='1', isAdHocSigned='0', signingCertificate='<DVTSigningCertificate: 0x60000905a040; name='Apple Development: Jamal Al Hosani (Q7DWRTCMH6)', hash='FAFB31B8DBEA36B637633D1F56E96F732398A4E6', serialNumber='9BA8A870E2CF32DAFC2A30D5B2262B1', certificateKinds='(
    "1.2.840.113635.100.6.1.12",
    "1.2.840.113635.100.6.1.2"
), issueDate='2025-02-18 23:52:02 +0000''>', entitlements='(null)', teamID='Q85MP6C4D8', identifier='dev.hermesengine.iphoneos', executablePath='<DVTFilePath:0x600020fa01e0:'/Users/andrewsimon/Library/Developer/Xcode/Archives/2025-10-19/HaroonAdvisors 19-10-2025, 3.28 AM.xcarchive/Products/Applications/HaroonAdvisors.app/Frameworks/hermes.framework/hermes'>', hardenedRuntime='0'>'>: {
}
2025-10-18 23:00:52 +0000  Associated App Clip Identifiers Filter: Skipping because "com.apple.developer.associated-appclip-app-identifiers" is not present
2025-10-18 23:00:52 +0000  Entitlements for <IDEDistributionItem: 0x6000200498c0; bundleID='dev.hermesengine.iphoneos', path='<DVTFilePath:0x600014140fc0:'/Users/andrewsimon/Library/Developer/Xcode/Archives/2025-10-19/HaroonAdvisors 19-10-2025, 3.28 AM.xcarchive/Products/Applications/HaroonAdvisors.app/Frameworks/hermes.framework'>', codeSigningInfo='<_DVTCodeSigningInformation_Path: 0x600018cc86e0; isSigned='1', isAdHocSigned='0', signingCertificate='<DVTSigningCertificate: 0x60000906f000; name='Apple Development: Jamal Al Hosani (Q7DWRTCMH6)', hash='FAFB31B8DBEA36B637633D1F56E96F732398A4E6', serialNumber='9BA8A870E2CF32DAFC2A30D5B2262B1', certificateKinds='(
    "1.2.840.113635.100.6.1.12",
    "1.2.840.113635.100.6.1.2"
), issueDate='2025-02-18 23:52:02 +0000''>', entitlements='(null)', teamID='Q85MP6C4D8', identifier='dev.hermesengine.iphoneos', executablePath='<DVTFilePath:0x600020fa01e0:'/Users/andrewsimon/Library/Developer/Xcode/Archives/2025-10-19/HaroonAdvisors 19-10-2025, 3.28 AM.xcarchive/Products/Applications/HaroonAdvisors.app/Frameworks/hermes.framework/hermes'>', hardenedRuntime='0'>'> are: {
}
2025-10-18 23:00:52 +0000  Writing entitlements for <IDEDistributionItem: 0x6000200498c0; bundleID='dev.hermesengine.iphoneos', path='<DVTFilePath:0x600014140fc0:'/Users/andrewsimon/Library/Developer/Xcode/Archives/2025-10-19/HaroonAdvisors 19-10-2025, 3.28 AM.xcarchive/Products/Applications/HaroonAdvisors.app/Frameworks/hermes.framework'>', codeSigningInfo='<_DVTCodeSigningInformation_Path: 0x600018cc86e0; isSigned='1', isAdHocSigned='0', signingCertificate='<DVTSigningCertificate: 0x60000906ef40; name='Apple Development: Jamal Al Hosani (Q7DWRTCMH6)', hash='FAFB31B8DBEA36B637633D1F56E96F732398A4E6', serialNumber='9BA8A870E2CF32DAFC2A30D5B2262B1', certificateKinds='(
    "1.2.840.113635.100.6.1.12",
    "1.2.840.113635.100.6.1.2"
), issueDate='2025-02-18 23:52:02 +0000''>', entitlements='(null)', teamID='Q85MP6C4D8', identifier='dev.hermesengine.iphoneos', executablePath='<DVTFilePath:0x600020fa01e0:'/Users/andrewsimon/Library/Developer/Xcode/Archives/2025-10-19/HaroonAdvisors 19-10-2025, 3.28 AM.xcarchive/Products/Applications/HaroonAdvisors.app/Frameworks/hermes.framework/hermes'>', hardenedRuntime='0'>'> to: /var/folders/mg/p_q2g1016s35lb8qsk419hjc0000gn/T/XcodeDistPipeline.~~~5APKi8/entitlements~~~RTH2a5
2025-10-18 23:00:52 +0000  invoking codesign: <NSConcreteTask: 0x600018cad630; launchPath='/usr/bin/codesign', arguments='(
    "-f",
    "-s",
    4B9687DDCBDB416CAA5B58229A3465688050D656,
    "--entitlements",
    "/var/folders/mg/p_q2g1016s35lb8qsk419hjc0000gn/T/XcodeDistPipeline.~~~5APKi8/entitlements~~~RTH2a5",
    "--preserve-metadata=identifier,flags,runtime",
    "--generate-entitlement-der",
    "--strip-disallowed-xattrs",
    "-vvv",
    "/var/folders/mg/p_q2g1016s35lb8qsk419hjc0000gn/T/XcodeDistPipeline.~~~5APKi8/Root/Payload/HaroonAdvisors.app/Frameworks/hermes.framework"
)'>
2025-10-18 23:00:53 +0000  codesign output: /var/folders/mg/p_q2g1016s35lb8qsk419hjc0000gn/T/XcodeDistPipeline.~~~5APKi8/Root/Payload/HaroonAdvisors.app/Frameworks/hermes.framework: replacing existing signature
/var/folders/mg/p_q2g1016s35lb8qsk419hjc0000gn/T/XcodeDistPipeline.~~~5APKi8/Root/Payload/HaroonAdvisors.app/Frameworks/hermes.framework: signed bundle with Mach-O thin (arm64) [dev.hermesengine.iphoneos]
2025-10-18 23:00:53 +0000  Entitlements for <IDEDistributionItem: 0x60002004cea0; bundleID='com.zoom.annoter', path='<DVTFilePath:0x600014141180:'/Users/andrewsimon/Library/Developer/Xcode/Archives/2025-10-19/HaroonAdvisors 19-10-2025, 3.28 AM.xcarchive/Products/Applications/HaroonAdvisors.app/Frameworks/zm_annoter_dynamic.framework'>', codeSigningInfo='<_DVTCodeSigningInformation_Path: 0x600018a72210; isSigned='1', isAdHocSigned='0', signingCertificate='<DVTSigningCertificate: 0x600009063000; name='Apple Development: Jamal Al Hosani (Q7DWRTCMH6)', hash='FAFB31B8DBEA36B637633D1F56E96F732398A4E6', serialNumber='9BA8A870E2CF32DAFC2A30D5B2262B1', certificateKinds='(
    "1.2.840.113635.100.6.1.12",
    "1.2.840.113635.100.6.1.2"
), issueDate='2025-02-18 23:52:02 +0000''>', entitlements='(null)', teamID='Q85MP6C4D8', identifier='com.zoom.annoter', executablePath='<DVTFilePath:0x6000141413b0:'/Users/andrewsimon/Library/Developer/Xcode/Archives/2025-10-19/HaroonAdvisors 19-10-2025, 3.28 AM.xcarchive/Products/Applications/HaroonAdvisors.app/Frameworks/zm_annoter_dynamic.framework/zm_annoter_dynamic'>', hardenedRuntime='0'>'>: {
}
2025-10-18 23:00:53 +0000  Associated App Clip Identifiers Filter: Skipping because "com.apple.developer.associated-appclip-app-identifiers" is not present
2025-10-18 23:00:53 +0000  Entitlements for <IDEDistributionItem: 0x60002004cea0; bundleID='com.zoom.annoter', path='<DVTFilePath:0x600014141180:'/Users/andrewsimon/Library/Developer/Xcode/Archives/2025-10-19/HaroonAdvisors 19-10-2025, 3.28 AM.xcarchive/Products/Applications/HaroonAdvisors.app/Frameworks/zm_annoter_dynamic.framework'>', codeSigningInfo='<_DVTCodeSigningInformation_Path: 0x600018a72210; isSigned='1', isAdHocSigned='0', signingCertificate='<DVTSigningCertificate: 0x600009063780; name='Apple Development: Jamal Al Hosani (Q7DWRTCMH6)', hash='FAFB31B8DBEA36B637633D1F56E96F732398A4E6', serialNumber='9BA8A870E2CF32DAFC2A30D5B2262B1', certificateKinds='(
    "1.2.840.113635.100.6.1.12",
    "1.2.840.113635.100.6.1.2"
), issueDate='2025-02-18 23:52:02 +0000''>', entitlements='(null)', teamID='Q85MP6C4D8', identifier='com.zoom.annoter', executablePath='<DVTFilePath:0x6000141413b0:'/Users/andrewsimon/Library/Developer/Xcode/Archives/2025-10-19/HaroonAdvisors 19-10-2025, 3.28 AM.xcarchive/Products/Applications/HaroonAdvisors.app/Frameworks/zm_annoter_dynamic.framework/zm_annoter_dynamic'>', hardenedRuntime='0'>'> are: {
}
2025-10-18 23:00:53 +0000  Writing entitlements for <IDEDistributionItem: 0x60002004cea0; bundleID='com.zoom.annoter', path='<DVTFilePath:0x600014141180:'/Users/andrewsimon/Library/Developer/Xcode/Archives/2025-10-19/HaroonAdvisors 19-10-2025, 3.28 AM.xcarchive/Products/Applications/HaroonAdvisors.app/Frameworks/zm_annoter_dynamic.framework'>', codeSigningInfo='<_DVTCodeSigningInformation_Path: 0x600018a72210; isSigned='1', isAdHocSigned='0', signingCertificate='<DVTSigningCertificate: 0x60000906f000; name='Apple Development: Jamal Al Hosani (Q7DWRTCMH6)', hash='FAFB31B8DBEA36B637633D1F56E96F732398A4E6', serialNumber='9BA8A870E2CF32DAFC2A30D5B2262B1', certificateKinds='(
    "1.2.840.113635.100.6.1.12",
    "1.2.840.113635.100.6.1.2"
), issueDate='2025-02-18 23:52:02 +0000''>', entitlements='(null)', teamID='Q85MP6C4D8', identifier='com.zoom.annoter', executablePath='<DVTFilePath:0x6000141413b0:'/Users/andrewsimon/Library/Developer/Xcode/Archives/2025-10-19/HaroonAdvisors 19-10-2025, 3.28 AM.xcarchive/Products/Applications/HaroonAdvisors.app/Frameworks/zm_annoter_dynamic.framework/zm_annoter_dynamic'>', hardenedRuntime='0'>'> to: /var/folders/mg/p_q2g1016s35lb8qsk419hjc0000gn/T/XcodeDistPipeline.~~~5APKi8/entitlements~~~shqM7z
2025-10-18 23:00:53 +0000  invoking codesign: <NSConcreteTask: 0x600018c912c0; launchPath='/usr/bin/codesign', arguments='(
    "-f",
    "-s",
    4B9687DDCBDB416CAA5B58229A3465688050D656,
    "--entitlements",
    "/var/folders/mg/p_q2g1016s35lb8qsk419hjc0000gn/T/XcodeDistPipeline.~~~5APKi8/entitlements~~~shqM7z",
    "--preserve-metadata=identifier,flags,runtime",
    "--generate-entitlement-der",
    "--strip-disallowed-xattrs",
    "-vvv",
    "/var/folders/mg/p_q2g1016s35lb8qsk419hjc0000gn/T/XcodeDistPipeline.~~~5APKi8/Root/Payload/HaroonAdvisors.app/Frameworks/zm_annoter_dynamic.framework"
)'>
2025-10-18 23:00:53 +0000  codesign output: /var/folders/mg/p_q2g1016s35lb8qsk419hjc0000gn/T/XcodeDistPipeline.~~~5APKi8/Root/Payload/HaroonAdvisors.app/Frameworks/zm_annoter_dynamic.framework: replacing existing signature
/var/folders/mg/p_q2g1016s35lb8qsk419hjc0000gn/T/XcodeDistPipeline.~~~5APKi8/Root/Payload/HaroonAdvisors.app/Frameworks/zm_annoter_dynamic.framework: signed bundle with Mach-O thin (arm64) [com.zoom.annoter]
2025-10-18 23:00:53 +0000  Entitlements for <IDEDistributionItem: 0x600020052a60; bundleID='com.zoom.us.cmlFramework', path='<DVTFilePath:0x600014141490:'/Users/andrewsimon/Library/Developer/Xcode/Archives/2025-10-19/HaroonAdvisors 19-10-2025, 3.28 AM.xcarchive/Products/Applications/HaroonAdvisors.app/Frameworks/zoomcml.framework'>', codeSigningInfo='<_DVTCodeSigningInformation_Path: 0x600018c122b0; isSigned='1', isAdHocSigned='0', signingCertificate='<DVTSigningCertificate: 0x600009063000; name='Apple Development: Jamal Al Hosani (Q7DWRTCMH6)', hash='FAFB31B8DBEA36B637633D1F56E96F732398A4E6', serialNumber='9BA8A870E2CF32DAFC2A30D5B2262B1', certificateKinds='(
    "1.2.840.113635.100.6.1.12",
    "1.2.840.113635.100.6.1.2"
), issueDate='2025-02-18 23:52:02 +0000''>', entitlements='(null)', teamID='Q85MP6C4D8', identifier='com.zoom.us.cmlFramework', executablePath='<DVTFilePath:0x600020fabba0:'/Users/andrewsimon/Library/Developer/Xcode/Archives/2025-10-19/HaroonAdvisors 19-10-2025, 3.28 AM.xcarchive/Products/Applications/HaroonAdvisors.app/Frameworks/zoomcml.framework/zoomcml'>', hardenedRuntime='0'>'>: {
}
2025-10-18 23:00:53 +0000  Associated App Clip Identifiers Filter: Skipping because "com.apple.developer.associated-appclip-app-identifiers" is not present
2025-10-18 23:00:53 +0000  Entitlements for <IDEDistributionItem: 0x600020052a60; bundleID='com.zoom.us.cmlFramework', path='<DVTFilePath:0x600014141490:'/Users/andrewsimon/Library/Developer/Xcode/Archives/2025-10-19/HaroonAdvisors 19-10-2025, 3.28 AM.xcarchive/Products/Applications/HaroonAdvisors.app/Frameworks/zoomcml.framework'>', codeSigningInfo='<_DVTCodeSigningInformation_Path: 0x600018c122b0; isSigned='1', isAdHocSigned='0', signingCertificate='<DVTSigningCertificate: 0x600009063780; name='Apple Development: Jamal Al Hosani (Q7DWRTCMH6)', hash='FAFB31B8DBEA36B637633D1F56E96F732398A4E6', serialNumber='9BA8A870E2CF32DAFC2A30D5B2262B1', certificateKinds='(
    "1.2.840.113635.100.6.1.12",
    "1.2.840.113635.100.6.1.2"
), issueDate='2025-02-18 23:52:02 +0000''>', entitlements='(null)', teamID='Q85MP6C4D8', identifier='com.zoom.us.cmlFramework', executablePath='<DVTFilePath:0x600020fabba0:'/Users/andrewsimon/Library/Developer/Xcode/Archives/2025-10-19/HaroonAdvisors 19-10-2025, 3.28 AM.xcarchive/Products/Applications/HaroonAdvisors.app/Frameworks/zoomcml.framework/zoomcml'>', hardenedRuntime='0'>'> are: {
}
2025-10-18 23:00:53 +0000  Writing entitlements for <IDEDistributionItem: 0x600020052a60; bundleID='com.zoom.us.cmlFramework', path='<DVTFilePath:0x600014141490:'/Users/andrewsimon/Library/Developer/Xcode/Archives/2025-10-19/HaroonAdvisors 19-10-2025, 3.28 AM.xcarchive/Products/Applications/HaroonAdvisors.app/Frameworks/zoomcml.framework'>', codeSigningInfo='<_DVTCodeSigningInformation_Path: 0x600018c122b0; isSigned='1', isAdHocSigned='0', signingCertificate='<DVTSigningCertificate: 0x600009062940; name='Apple Development: Jamal Al Hosani (Q7DWRTCMH6)', hash='FAFB31B8DBEA36B637633D1F56E96F732398A4E6', serialNumber='9BA8A870E2CF32DAFC2A30D5B2262B1', certificateKinds='(
    "1.2.840.113635.100.6.1.12",
    "1.2.840.113635.100.6.1.2"
), issueDate='2025-02-18 23:52:02 +0000''>', entitlements='(null)', teamID='Q85MP6C4D8', identifier='com.zoom.us.cmlFramework', executablePath='<DVTFilePath:0x600020fabba0:'/Users/andrewsimon/Library/Developer/Xcode/Archives/2025-10-19/HaroonAdvisors 19-10-2025, 3.28 AM.xcarchive/Products/Applications/HaroonAdvisors.app/Frameworks/zoomcml.framework/zoomcml'>', hardenedRuntime='0'>'> to: /var/folders/mg/p_q2g1016s35lb8qsk419hjc0000gn/T/XcodeDistPipeline.~~~5APKi8/entitlements~~~i4szHH
2025-10-18 23:00:53 +0000  invoking codesign: <NSConcreteTask: 0x600018c92850; launchPath='/usr/bin/codesign', arguments='(
    "-f",
    "-s",
    4B9687DDCBDB416CAA5B58229A3465688050D656,
    "--entitlements",
    "/var/folders/mg/p_q2g1016s35lb8qsk419hjc0000gn/T/XcodeDistPipeline.~~~5APKi8/entitlements~~~i4szHH",
    "--preserve-metadata=identifier,flags,runtime",
    "--generate-entitlement-der",
    "--strip-disallowed-xattrs",
    "-vvv",
    "/var/folders/mg/p_q2g1016s35lb8qsk419hjc0000gn/T/XcodeDistPipeline.~~~5APKi8/Root/Payload/HaroonAdvisors.app/Frameworks/zoomcml.framework"
)'>
2025-10-18 23:00:53 +0000  codesign output: /var/folders/mg/p_q2g1016s35lb8qsk419hjc0000gn/T/XcodeDistPipeline.~~~5APKi8/Root/Payload/HaroonAdvisors.app/Frameworks/zoomcml.framework: replacing existing signature
/var/folders/mg/p_q2g1016s35lb8qsk419hjc0000gn/T/XcodeDistPipeline.~~~5APKi8/Root/Payload/HaroonAdvisors.app/Frameworks/zoomcml.framework: signed bundle with Mach-O thin (arm64) [com.zoom.us.cmlFramework]
2025-10-18 23:00:53 +0000  Entitlements for <IDEDistributionItem: 0x6000200486c0; bundleID='com.haroonadvisors', path='<DVTFilePath:0x600014175ce0:'/Users/andrewsimon/Library/Developer/Xcode/Archives/2025-10-19/HaroonAdvisors 19-10-2025, 3.28 AM.xcarchive/Products/Applications/HaroonAdvisors.app'>', codeSigningInfo='<_DVTCodeSigningInformation_Path: 0x60001893df90; isSigned='1', isAdHocSigned='0', signingCertificate='<DVTSigningCertificate: 0x600009063000; name='Apple Development: Jamal Al Hosani (Q7DWRTCMH6)', hash='FAFB31B8DBEA36B637633D1F56E96F732398A4E6', serialNumber='9BA8A870E2CF32DAFC2A30D5B2262B1', certificateKinds='(
    "1.2.840.113635.100.6.1.12",
    "1.2.840.113635.100.6.1.2"
), issueDate='2025-02-18 23:52:02 +0000''>', entitlements='{
    "application-identifier" = "Q85MP6C4D8.com.haroonadvisors";
    "aps-environment" = development;
    "com.apple.developer.applesignin" =     (
        Default
    );
    "com.apple.developer.team-identifier" = Q85MP6C4D8;
    "get-task-allow" = 1;
}', teamID='Q85MP6C4D8', identifier='com.haroonadvisors', executablePath='<DVTFilePath:0x600020fcf8a0:'/Users/andrewsimon/Library/Developer/Xcode/Archives/2025-10-19/HaroonAdvisors 19-10-2025, 3.28 AM.xcarchive/Products/Applications/HaroonAdvisors.app/HaroonAdvisors'>', hardenedRuntime='0'>'>: {
    "application-identifier" = "Q85MP6C4D8.com.haroonadvisors";
    "aps-environment" = production;
    "com.apple.developer.applesignin" =     (
        Default
    );
    "com.apple.developer.team-identifier" = Q85MP6C4D8;
    "get-task-allow" = 0;
}
2025-10-18 23:00:53 +0000  Associated App Clip Identifiers Filter: Skipping because "com.apple.developer.associated-appclip-app-identifiers" is not present
2025-10-18 23:00:53 +0000  Entitlements for <IDEDistributionItem: 0x6000200486c0; bundleID='com.haroonadvisors', path='<DVTFilePath:0x600014175ce0:'/Users/andrewsimon/Library/Developer/Xcode/Archives/2025-10-19/HaroonAdvisors 19-10-2025, 3.28 AM.xcarchive/Products/Applications/HaroonAdvisors.app'>', codeSigningInfo='<_DVTCodeSigningInformation_Path: 0x60001893df90; isSigned='1', isAdHocSigned='0', signingCertificate='<DVTSigningCertificate: 0x60000906f000; name='Apple Development: Jamal Al Hosani (Q7DWRTCMH6)', hash='FAFB31B8DBEA36B637633D1F56E96F732398A4E6', serialNumber='9BA8A870E2CF32DAFC2A30D5B2262B1', certificateKinds='(
    "1.2.840.113635.100.6.1.12",
    "1.2.840.113635.100.6.1.2"
), issueDate='2025-02-18 23:52:02 +0000''>', entitlements='{
    "application-identifier" = "Q85MP6C4D8.com.haroonadvisors";
    "aps-environment" = development;
    "com.apple.developer.applesignin" =     (
        Default
    );
    "com.apple.developer.team-identifier" = Q85MP6C4D8;
    "get-task-allow" = 1;
}', teamID='Q85MP6C4D8', identifier='com.haroonadvisors', executablePath='<DVTFilePath:0x600020fcf8a0:'/Users/andrewsimon/Library/Developer/Xcode/Archives/2025-10-19/HaroonAdvisors 19-10-2025, 3.28 AM.xcarchive/Products/Applications/HaroonAdvisors.app/HaroonAdvisors'>', hardenedRuntime='0'>'> are: {
    "application-identifier" = "Q85MP6C4D8.com.haroonadvisors";
    "aps-environment" = production;
    "com.apple.developer.applesignin" =     (
        Default
    );
    "com.apple.developer.team-identifier" = Q85MP6C4D8;
    "get-task-allow" = 0;
}
2025-10-18 23:00:53 +0000  Writing entitlements for <IDEDistributionItem: 0x6000200486c0; bundleID='com.haroonadvisors', path='<DVTFilePath:0x600014175ce0:'/Users/andrewsimon/Library/Developer/Xcode/Archives/2025-10-19/HaroonAdvisors 19-10-2025, 3.28 AM.xcarchive/Products/Applications/HaroonAdvisors.app'>', codeSigningInfo='<_DVTCodeSigningInformation_Path: 0x60001893df90; isSigned='1', isAdHocSigned='0', signingCertificate='<DVTSigningCertificate: 0x60000906e340; name='Apple Development: Jamal Al Hosani (Q7DWRTCMH6)', hash='FAFB31B8DBEA36B637633D1F56E96F732398A4E6', serialNumber='9BA8A870E2CF32DAFC2A30D5B2262B1', certificateKinds='(
    "1.2.840.113635.100.6.1.12",
    "1.2.840.113635.100.6.1.2"
), issueDate='2025-02-18 23:52:02 +0000''>', entitlements='{
    "application-identifier" = "Q85MP6C4D8.com.haroonadvisors";
    "aps-environment" = development;
    "com.apple.developer.applesignin" =     (
        Default
    );
    "com.apple.developer.team-identifier" = Q85MP6C4D8;
    "get-task-allow" = 1;
}', teamID='Q85MP6C4D8', identifier='com.haroonadvisors', executablePath='<DVTFilePath:0x600020fcf8a0:'/Users/andrewsimon/Library/Developer/Xcode/Archives/2025-10-19/HaroonAdvisors 19-10-2025, 3.28 AM.xcarchive/Products/Applications/HaroonAdvisors.app/HaroonAdvisors'>', hardenedRuntime='0'>'> to: /var/folders/mg/p_q2g1016s35lb8qsk419hjc0000gn/T/XcodeDistPipeline.~~~5APKi8/entitlements~~~4jnB1C
2025-10-18 23:00:53 +0000  invoking codesign: <NSConcreteTask: 0x600018cae850; launchPath='/usr/bin/codesign', arguments='(
    "-f",
    "-s",
    4B9687DDCBDB416CAA5B58229A3465688050D656,
    "--entitlements",
    "/var/folders/mg/p_q2g1016s35lb8qsk419hjc0000gn/T/XcodeDistPipeline.~~~5APKi8/entitlements~~~4jnB1C",
    "--preserve-metadata=identifier,flags,runtime",
    "--generate-entitlement-der",
    "--strip-disallowed-xattrs",
    "-vvv",
    "/var/folders/mg/p_q2g1016s35lb8qsk419hjc0000gn/T/XcodeDistPipeline.~~~5APKi8/Root/Payload/HaroonAdvisors.app"
)'>
2025-10-18 23:00:54 +0000  codesign output: /var/folders/mg/p_q2g1016s35lb8qsk419hjc0000gn/T/XcodeDistPipeline.~~~5APKi8/Root/Payload/HaroonAdvisors.app: replacing existing signature
/var/folders/mg/p_q2g1016s35lb8qsk419hjc0000gn/T/XcodeDistPipeline.~~~5APKi8/Root/Payload/HaroonAdvisors.app: signed app bundle with Mach-O thin (arm64) [com.haroonadvisors]
2025-10-18 23:00:54 +0000  Processing step: IDEDistributionZipODRItemStep
2025-10-18 23:00:54 +0000  Skipping step: IDEDistributionZipODRItemStep because it said so
2025-10-18 23:00:54 +0000  Skipping step: IDEDistributionZipODRItemStep because it said so
2025-10-18 23:00:54 +0000  Skipping step: IDEDistributionZipODRItemStep because it said so
2025-10-18 23:00:54 +0000  Skipping step: IDEDistributionZipODRItemStep because it said so
2025-10-18 23:00:54 +0000  Skipping step: IDEDistributionZipODRItemStep because it said so
2025-10-18 23:00:54 +0000  Skipping step: IDEDistributionZipODRItemStep because it said so
2025-10-18 23:00:54 +0000  Processing step: IDEDistributionCreateIPAStep
2025-10-18 23:00:54 +0000  Running /usr/bin/ditto '-V' '-c' '-k' '--norsrc' '/var/folders/mg/p_q2g1016s35lb8qsk419hjc0000gn/T/XcodeDistPipeline.~~~5APKi8/Root' '/var/folders/mg/p_q2g1016s35lb8qsk419hjc0000gn/T/XcodeDistPipeline.~~~5APKi8/Packages/HaroonAdvisors.ipa'
2025-10-18 23:00:54 +0000  >>> Copying /var/folders/mg/p_q2g1016s35lb8qsk419hjc0000gn/T/XcodeDistPipeline.~~~5APKi8/Root 
2025-10-18 23:00:54 +0000  copying file ./Payload/HaroonAdvisors.app/_CodeSignature/CodeResources ... 
2025-10-18 23:00:54 +0000  110617 bytes for ./Payload/HaroonAdvisors.app/_CodeSignature/CodeResources
2025-10-18 23:00:54 +0000  copying file ./Payload/HaroonAdvisors.app/SplashScreen.storyboardc/EXPO-VIEWCONTROLLER-1-view-EXPO-ContainerView.nib ... 
2025-10-18 23:00:54 +0000  2024 bytes for ./Payload/HaroonAdvisors.app/SplashScreen.storyboardc/EXPO-VIEWCONTROLLER-1-view-EXPO-ContainerView.nib
2025-10-18 23:00:54 +0000  copying file ./Payload/HaroonAdvisors.app/SplashScreen.storyboardc/SplashScreenViewController.nib ... 
1004 bytes for ./Payload/HaroonAdvisors.app/SplashScreen.storyboardc/SplashScreenViewController.nib
2025-10-18 23:00:54 +0000  copying file ./Payload/HaroonAdvisors.app/SplashScreen.storyboardc/Info.plist ... 
2025-10-18 23:00:54 +0000  225 bytes for ./Payload/HaroonAdvisors.app/SplashScreen.storyboardc/Info.plist
2025-10-18 23:00:54 +0000  copying file ./Payload/HaroonAdvisors.app/HaroonAdvisors ... 
2025-10-18 23:00:54 +0000  10946304 bytes for ./Payload/HaroonAdvisors.app/HaroonAdvisors
2025-10-18 23:00:54 +0000  copying file ./Payload/HaroonAdvisors.app/ExpoSystemUI_privacy.bundle/PrivacyInfo.xcprivacy ... 
607 bytes for ./Payload/HaroonAdvisors.app/ExpoSystemUI_privacy.bundle/PrivacyInfo.xcprivacy
copying file ./Payload/HaroonAdvisors.app/ExpoSystemUI_privacy.bundle/Info.plist ... 
789 bytes for ./Payload/HaroonAdvisors.app/ExpoSystemUI_privacy.bundle/Info.plist
copying file ./Payload/HaroonAdvisors.app/glog_privacy.bundle/Info.plist ... 
771 bytes for ./Payload/HaroonAdvisors.app/glog_privacy.bundle/Info.plist
copying file ./Payload/HaroonAdvisors.app/ExpoLocalization_privacy.bundle/PrivacyInfo.xcprivacy ... 
607 bytes for ./Payload/HaroonAdvisors.app/ExpoLocalization_privacy.bundle/PrivacyInfo.xcprivacy
copying file ./Payload/HaroonAdvisors.app/ExpoLocalization_privacy.bundle/Info.plist ... 
798 bytes for ./Payload/HaroonAdvisors.app/ExpoLocalization_privacy.bundle/Info.plist
copying file ./Payload/HaroonAdvisors.app/AppIcon60x60@2x.png ... 
5536 bytes for ./Payload/HaroonAdvisors.app/AppIcon60x60@2x.png
2025-10-18 23:00:54 +0000  copying file ./Payload/HaroonAdvisors.app/ExpoConstants_privacy.bundle/PrivacyInfo.xcprivacy ... 
607 bytes for ./Payload/HaroonAdvisors.app/ExpoConstants_privacy.bundle/PrivacyInfo.xcprivacy
copying file ./Payload/HaroonAdvisors.app/ExpoConstants_privacy.bundle/Info.plist ... 
2025-10-18 23:00:54 +0000  792 bytes for ./Payload/HaroonAdvisors.app/ExpoConstants_privacy.bundle/Info.plist
copying file ./Payload/HaroonAdvisors.app/React-cxxreact_privacy.bundle/PrivacyInfo.xcprivacy ... 
2025-10-18 23:00:54 +0000  552 bytes for ./Payload/HaroonAdvisors.app/React-cxxreact_privacy.bundle/PrivacyInfo.xcprivacy
copying file ./Payload/HaroonAdvisors.app/React-cxxreact_privacy.bundle/Info.plist ... 
2025-10-18 23:00:54 +0000  794 bytes for ./Payload/HaroonAdvisors.app/React-cxxreact_privacy.bundle/Info.plist
copying file ./Payload/HaroonAdvisors.app/GTMAppAuth_Privacy.bundle/PrivacyInfo.xcprivacy ... 
2025-10-18 23:00:54 +0000  373 bytes for ./Payload/HaroonAdvisors.app/GTMAppAuth_Privacy.bundle/PrivacyInfo.xcprivacy
copying file ./Payload/HaroonAdvisors.app/GTMAppAuth_Privacy.bundle/Info.plist ... 
2025-10-18 23:00:54 +0000  785 bytes for ./Payload/HaroonAdvisors.app/GTMAppAuth_Privacy.bundle/Info.plist
2025-10-18 23:00:54 +0000  copying file ./Payload/HaroonAdvisors.app/ExpoApplication_privacy.bundle/PrivacyInfo.xcprivacy ... 
2025-10-18 23:00:54 +0000  608 bytes for ./Payload/HaroonAdvisors.app/ExpoApplication_privacy.bundle/PrivacyInfo.xcprivacy
2025-10-18 23:00:54 +0000  copying file ./Payload/HaroonAdvisors.app/ExpoApplication_privacy.bundle/Info.plist ... 
2025-10-18 23:00:54 +0000  795 bytes for ./Payload/HaroonAdvisors.app/ExpoApplication_privacy.bundle/Info.plist
2025-10-18 23:00:54 +0000  copying file ./Payload/HaroonAdvisors.app/Toast.bundle/PrivacyInfo.xcprivacy ... 
2025-10-18 23:00:54 +0000  372 bytes for ./Payload/HaroonAdvisors.app/Toast.bundle/PrivacyInfo.xcprivacy
copying file ./Payload/HaroonAdvisors.app/Toast.bundle/Info.plist ... 
2025-10-18 23:00:54 +0000  757 bytes for ./Payload/HaroonAdvisors.app/Toast.bundle/Info.plist
2025-10-18 23:00:54 +0000  copying file ./Payload/HaroonAdvisors.app/GTMSessionFetcher_Core_Privacy.bundle/PrivacyInfo.xcprivacy ... 
2025-10-18 23:00:54 +0000  598 bytes for ./Payload/HaroonAdvisors.app/GTMSessionFetcher_Core_Privacy.bundle/PrivacyInfo.xcprivacy
2025-10-18 23:00:54 +0000  copying file ./Payload/HaroonAdvisors.app/GTMSessionFetcher_Core_Privacy.bundle/Info.plist ... 
2025-10-18 23:00:54 +0000  809 bytes for ./Payload/HaroonAdvisors.app/GTMSessionFetcher_Core_Privacy.bundle/Info.plist
2025-10-18 23:00:54 +0000  copying file ./Payload/HaroonAdvisors.app/GoogleSignIn.bundle/de.lproj/GoogleSignIn.strings ... 
2025-10-18 23:00:54 +0000  1703 bytes for ./Payload/HaroonAdvisors.app/GoogleSignIn.bundle/de.lproj/GoogleSignIn.strings
2025-10-18 23:00:54 +0000  copying file ./Payload/HaroonAdvisors.app/GoogleSignIn.bundle/he.lproj/GoogleSignIn.strings ... 
2025-10-18 23:00:54 +0000  1780 bytes for ./Payload/HaroonAdvisors.app/GoogleSignIn.bundle/he.lproj/GoogleSignIn.strings
copying file ./Payload/HaroonAdvisors.app/GoogleSignIn.bundle/ar.lproj/GoogleSignIn.strings ... 
2025-10-18 23:00:54 +0000  1759 bytes for ./Payload/HaroonAdvisors.app/GoogleSignIn.bundle/ar.lproj/GoogleSignIn.strings
2025-10-18 23:00:54 +0000  copying file ./Payload/HaroonAdvisors.app/GoogleSignIn.bundle/el.lproj/GoogleSignIn.strings ... 
2025-10-18 23:00:54 +0000  2103 bytes for ./Payload/HaroonAdvisors.app/GoogleSignIn.bundle/el.lproj/GoogleSignIn.strings
copying file ./Payload/HaroonAdvisors.app/GoogleSignIn.bundle/ja.lproj/GoogleSignIn.strings ... 
2025-10-18 23:00:54 +0000  1711 bytes for ./Payload/HaroonAdvisors.app/GoogleSignIn.bundle/ja.lproj/GoogleSignIn.strings
copying file ./Payload/HaroonAdvisors.app/GoogleSignIn.bundle/en.lproj/GoogleSignIn.strings ... 
2025-10-18 23:00:54 +0000  1547 bytes for ./Payload/HaroonAdvisors.app/GoogleSignIn.bundle/en.lproj/GoogleSignIn.strings
copying file ./Payload/HaroonAdvisors.app/GoogleSignIn.bundle/uk.lproj/GoogleSignIn.strings ... 
2025-10-18 23:00:54 +0000  1864 bytes for ./Payload/HaroonAdvisors.app/GoogleSignIn.bundle/uk.lproj/GoogleSignIn.strings
2025-10-18 23:00:54 +0000  copying file ./Payload/HaroonAdvisors.app/GoogleSignIn.bundle/es_MX.lproj/GoogleSignIn.strings ... 
1607 bytes for ./Payload/HaroonAdvisors.app/GoogleSignIn.bundle/es_MX.lproj/GoogleSignIn.strings
2025-10-18 23:00:54 +0000  copying file ./Payload/HaroonAdvisors.app/GoogleSignIn.bundle/zh_CN.lproj/GoogleSignIn.strings ... 
1489 bytes for ./Payload/HaroonAdvisors.app/GoogleSignIn.bundle/zh_CN.lproj/GoogleSignIn.strings
2025-10-18 23:00:54 +0000  copying file ./Payload/HaroonAdvisors.app/GoogleSignIn.bundle/nb.lproj/GoogleSignIn.strings ... 
2025-10-18 23:00:54 +0000  1593 bytes for ./Payload/HaroonAdvisors.app/GoogleSignIn.bundle/nb.lproj/GoogleSignIn.strings
2025-10-18 23:00:54 +0000  copying file ./Payload/HaroonAdvisors.app/GoogleSignIn.bundle/es.lproj/GoogleSignIn.strings ... 
1678 bytes for ./Payload/HaroonAdvisors.app/GoogleSignIn.bundle/es.lproj/GoogleSignIn.strings
2025-10-18 23:00:54 +0000  copying file ./Payload/HaroonAdvisors.app/GoogleSignIn.bundle/pt_BR.lproj/GoogleSignIn.strings ... 
2025-10-18 23:00:54 +0000  1608 bytes for ./Payload/HaroonAdvisors.app/GoogleSignIn.bundle/pt_BR.lproj/GoogleSignIn.strings
copying file ./Payload/HaroonAdvisors.app/GoogleSignIn.bundle/da.lproj/GoogleSignIn.strings ... 
2025-10-18 23:00:54 +0000  1611 bytes for ./Payload/HaroonAdvisors.app/GoogleSignIn.bundle/da.lproj/GoogleSignIn.strings
2025-10-18 23:00:54 +0000  copying file ./Payload/HaroonAdvisors.app/GoogleSignIn.bundle/it.lproj/GoogleSignIn.strings ... 
2025-10-18 23:00:54 +0000  1570 bytes for ./Payload/HaroonAdvisors.app/GoogleSignIn.bundle/it.lproj/GoogleSignIn.strings
copying file ./Payload/HaroonAdvisors.app/GoogleSignIn.bundle/sk.lproj/GoogleSignIn.strings ... 
2025-10-18 23:00:54 +0000  1665 bytes for ./Payload/HaroonAdvisors.app/GoogleSignIn.bundle/sk.lproj/GoogleSignIn.strings
2025-10-18 23:00:54 +0000  copying file ./Payload/HaroonAdvisors.app/GoogleSignIn.bundle/pt_PT.lproj/GoogleSignIn.strings ... 
2025-10-18 23:00:54 +0000  1646 bytes for ./Payload/HaroonAdvisors.app/GoogleSignIn.bundle/pt_PT.lproj/GoogleSignIn.strings
copying file ./Payload/HaroonAdvisors.app/GoogleSignIn.bundle/google@3x.png ... 
2025-10-18 23:00:54 +0000  1773 bytes for ./Payload/HaroonAdvisors.app/GoogleSignIn.bundle/google@3x.png
2025-10-18 23:00:54 +0000  copying file ./Payload/HaroonAdvisors.app/GoogleSignIn.bundle/ms.lproj/GoogleSignIn.strings ... 
2025-10-18 23:00:54 +0000  1565 bytes for ./Payload/HaroonAdvisors.app/GoogleSignIn.bundle/ms.lproj/GoogleSignIn.strings
2025-10-18 23:00:54 +0000  copying file ./Payload/HaroonAdvisors.app/GoogleSignIn.bundle/sv.lproj/GoogleSignIn.strings ... 
1579 bytes for ./Payload/HaroonAdvisors.app/GoogleSignIn.bundle/sv.lproj/GoogleSignIn.strings
2025-10-18 23:00:54 +0000  copying file ./Payload/HaroonAdvisors.app/GoogleSignIn.bundle/cs.lproj/GoogleSignIn.strings ... 
2025-10-18 23:00:54 +0000  1615 bytes for ./Payload/HaroonAdvisors.app/GoogleSignIn.bundle/cs.lproj/GoogleSignIn.strings
copying file ./Payload/HaroonAdvisors.app/GoogleSignIn.bundle/google@2x.png ... 
2025-10-18 23:00:54 +0000  1166 bytes for ./Payload/HaroonAdvisors.app/GoogleSignIn.bundle/google@2x.png
2025-10-18 23:00:54 +0000  copying file ./Payload/HaroonAdvisors.app/GoogleSignIn.bundle/ko.lproj/GoogleSignIn.strings ... 
2025-10-18 23:00:54 +0000  1634 bytes for ./Payload/HaroonAdvisors.app/GoogleSignIn.bundle/ko.lproj/GoogleSignIn.strings
copying file ./Payload/HaroonAdvisors.app/GoogleSignIn.bundle/hu.lproj/GoogleSignIn.strings ... 
2025-10-18 23:00:54 +0000  1663 bytes for ./Payload/HaroonAdvisors.app/GoogleSignIn.bundle/hu.lproj/GoogleSignIn.strings
2025-10-18 23:00:54 +0000  copying file ./Payload/HaroonAdvisors.app/GoogleSignIn.bundle/tr.lproj/GoogleSignIn.strings ... 
2025-10-18 23:00:54 +0000  1596 bytes for ./Payload/HaroonAdvisors.app/GoogleSignIn.bundle/tr.lproj/GoogleSignIn.strings
2025-10-18 23:00:54 +0000  copying file ./Payload/HaroonAdvisors.app/GoogleSignIn.bundle/pl.lproj/GoogleSignIn.strings ... 
2025-10-18 23:00:54 +0000  1578 bytes for ./Payload/HaroonAdvisors.app/GoogleSignIn.bundle/pl.lproj/GoogleSignIn.strings
copying file ./Payload/HaroonAdvisors.app/GoogleSignIn.bundle/zh_TW.lproj/GoogleSignIn.strings ... 
2025-10-18 23:00:54 +0000  1525 bytes for ./Payload/HaroonAdvisors.app/GoogleSignIn.bundle/zh_TW.lproj/GoogleSignIn.strings
2025-10-18 23:00:54 +0000  copying file ./Payload/HaroonAdvisors.app/GoogleSignIn.bundle/en_GB.lproj/GoogleSignIn.strings ... 
2025-10-18 23:00:54 +0000  1547 bytes for ./Payload/HaroonAdvisors.app/GoogleSignIn.bundle/en_GB.lproj/GoogleSignIn.strings
copying file ./Payload/HaroonAdvisors.app/GoogleSignIn.bundle/vi.lproj/GoogleSignIn.strings ... 
2025-10-18 23:00:54 +0000  1717 bytes for ./Payload/HaroonAdvisors.app/GoogleSignIn.bundle/vi.lproj/GoogleSignIn.strings
copying file ./Payload/HaroonAdvisors.app/GoogleSignIn.bundle/PrivacyInfo.xcprivacy ... 
2025-10-18 23:00:54 +0000  3756 bytes for ./Payload/HaroonAdvisors.app/GoogleSignIn.bundle/PrivacyInfo.xcprivacy
2025-10-18 23:00:54 +0000  copying file ./Payload/HaroonAdvisors.app/GoogleSignIn.bundle/ru.lproj/GoogleSignIn.strings ... 
2025-10-18 23:00:54 +0000  1954 bytes for ./Payload/HaroonAdvisors.app/GoogleSignIn.bundle/ru.lproj/GoogleSignIn.strings
2025-10-18 23:00:54 +0000  copying file ./Payload/HaroonAdvisors.app/GoogleSignIn.bundle/fr_CA.lproj/GoogleSignIn.strings ... 
2025-10-18 23:00:54 +0000  1657 bytes for ./Payload/HaroonAdvisors.app/GoogleSignIn.bundle/fr_CA.lproj/GoogleSignIn.strings
2025-10-18 23:00:54 +0000  copying file ./Payload/HaroonAdvisors.app/GoogleSignIn.bundle/fr.lproj/GoogleSignIn.strings ... 
2025-10-18 23:00:54 +0000  1676 bytes for ./Payload/HaroonAdvisors.app/GoogleSignIn.bundle/fr.lproj/GoogleSignIn.strings
2025-10-18 23:00:54 +0000  copying file ./Payload/HaroonAdvisors.app/GoogleSignIn.bundle/fi.lproj/GoogleSignIn.strings ... 
2025-10-18 23:00:54 +0000  1640 bytes for ./Payload/HaroonAdvisors.app/GoogleSignIn.bundle/fi.lproj/GoogleSignIn.strings
2025-10-18 23:00:54 +0000  copying file ./Payload/HaroonAdvisors.app/GoogleSignIn.bundle/id.lproj/GoogleSignIn.strings ... 
2025-10-18 23:00:54 +0000  1553 bytes for ./Payload/HaroonAdvisors.app/GoogleSignIn.bundle/id.lproj/GoogleSignIn.strings
2025-10-18 23:00:54 +0000  copying file ./Payload/HaroonAdvisors.app/GoogleSignIn.bundle/nl.lproj/GoogleSignIn.strings ... 
2025-10-18 23:00:54 +0000  1606 bytes for ./Payload/HaroonAdvisors.app/GoogleSignIn.bundle/nl.lproj/GoogleSignIn.strings
2025-10-18 23:00:54 +0000  copying file ./Payload/HaroonAdvisors.app/GoogleSignIn.bundle/th.lproj/GoogleSignIn.strings ... 
2025-10-18 23:00:54 +0000  2133 bytes for ./Payload/HaroonAdvisors.app/GoogleSignIn.bundle/th.lproj/GoogleSignIn.strings
2025-10-18 23:00:54 +0000  copying file ./Payload/HaroonAdvisors.app/GoogleSignIn.bundle/pt.lproj/GoogleSignIn.strings ... 
2025-10-18 23:00:54 +0000  1608 bytes for ./Payload/HaroonAdvisors.app/GoogleSignIn.bundle/pt.lproj/GoogleSignIn.strings
copying file ./Payload/HaroonAdvisors.app/GoogleSignIn.bundle/google.png ... 
2025-10-18 23:00:54 +0000  643 bytes for ./Payload/HaroonAdvisors.app/GoogleSignIn.bundle/google.png
copying file ./Payload/HaroonAdvisors.app/GoogleSignIn.bundle/Roboto-Bold.ttf ... 
2025-10-18 23:00:54 +0000  127744 bytes for ./Payload/HaroonAdvisors.app/GoogleSignIn.bundle/Roboto-Bold.ttf
2025-10-18 23:00:54 +0000  copying file ./Payload/HaroonAdvisors.app/GoogleSignIn.bundle/ro.lproj/GoogleSignIn.strings ... 
1598 bytes for ./Payload/HaroonAdvisors.app/GoogleSignIn.bundle/ro.lproj/GoogleSignIn.strings
2025-10-18 23:00:54 +0000  copying file ./Payload/HaroonAdvisors.app/GoogleSignIn.bundle/Info.plist ... 
2025-10-18 23:00:54 +0000  771 bytes for ./Payload/HaroonAdvisors.app/GoogleSignIn.bundle/Info.plist
copying file ./Payload/HaroonAdvisors.app/GoogleSignIn.bundle/hr.lproj/GoogleSignIn.strings ... 
2025-10-18 23:00:54 +0000  1621 bytes for ./Payload/HaroonAdvisors.app/GoogleSignIn.bundle/hr.lproj/GoogleSignIn.strings
2025-10-18 23:00:54 +0000  copying file ./Payload/HaroonAdvisors.app/GoogleSignIn.bundle/hi.lproj/GoogleSignIn.strings ... 
2025-10-18 23:00:54 +0000  2286 bytes for ./Payload/HaroonAdvisors.app/GoogleSignIn.bundle/hi.lproj/GoogleSignIn.strings
2025-10-18 23:00:54 +0000  copying file ./Payload/HaroonAdvisors.app/GoogleSignIn.bundle/ca.lproj/GoogleSignIn.strings ... 
2025-10-18 23:00:54 +0000  1669 bytes for ./Payload/HaroonAdvisors.app/GoogleSignIn.bundle/ca.lproj/GoogleSignIn.strings
2025-10-18 23:00:54 +0000  copying file ./Payload/HaroonAdvisors.app/RCT-Folly_privacy.bundle/Info.plist ... 
2025-10-18 23:00:54 +0000  786 bytes for ./Payload/HaroonAdvisors.app/RCT-Folly_privacy.bundle/Info.plist
copying file ./Payload/HaroonAdvisors.app/RNPermissionsPrivacyInfo.bundle/PrivacyInfo.xcprivacy ... 
2025-10-18 23:00:54 +0000  598 bytes for ./Payload/HaroonAdvisors.app/RNPermissionsPrivacyInfo.bundle/PrivacyInfo.xcprivacy
2025-10-18 23:00:54 +0000  copying file ./Payload/HaroonAdvisors.app/RNPermissionsPrivacyInfo.bundle/Info.plist ... 
2025-10-18 23:00:54 +0000  797 bytes for ./Payload/HaroonAdvisors.app/RNPermissionsPrivacyInfo.bundle/Info.plist
copying file ./Payload/HaroonAdvisors.app/Assets.car ... 
2025-10-18 23:00:54 +0000  158175 bytes for ./Payload/HaroonAdvisors.app/Assets.car
copying file ./Payload/HaroonAdvisors.app/AppIcon76x76@2x~ipad.png ... 
2025-10-18 23:00:54 +0000  7012 bytes for ./Payload/HaroonAdvisors.app/AppIcon76x76@2x~ipad.png
2025-10-18 23:00:54 +0000  copying file ./Payload/HaroonAdvisors.app/AppAuthCore_Privacy.bundle/PrivacyInfo.xcprivacy ... 
391 bytes for ./Payload/HaroonAdvisors.app/AppAuthCore_Privacy.bundle/PrivacyInfo.xcprivacy
copying file ./Payload/HaroonAdvisors.app/AppAuthCore_Privacy.bundle/Info.plist ... 
2025-10-18 23:00:54 +0000  786 bytes for ./Payload/HaroonAdvisors.app/AppAuthCore_Privacy.bundle/Info.plist
copying file ./Payload/HaroonAdvisors.app/main.jsbundle ... 
2025-10-18 23:00:54 +0000  5916774 bytes for ./Payload/HaroonAdvisors.app/main.jsbundle
2025-10-18 23:00:54 +0000  copying file ./Payload/HaroonAdvisors.app/EXConstants.bundle/app.config ... 
2370 bytes for ./Payload/HaroonAdvisors.app/EXConstants.bundle/app.config
copying file ./Payload/HaroonAdvisors.app/EXConstants.bundle/Info.plist ... 
2025-10-18 23:00:54 +0000  770 bytes for ./Payload/HaroonAdvisors.app/EXConstants.bundle/Info.plist
copying file ./Payload/HaroonAdvisors.app/ExpoDevice_privacy.bundle/PrivacyInfo.xcprivacy ... 
2025-10-18 23:00:54 +0000  609 bytes for ./Payload/HaroonAdvisors.app/ExpoDevice_privacy.bundle/PrivacyInfo.xcprivacy
copying file ./Payload/HaroonAdvisors.app/ExpoDevice_privacy.bundle/Info.plist ... 
2025-10-18 23:00:54 +0000  785 bytes for ./Payload/HaroonAdvisors.app/ExpoDevice_privacy.bundle/Info.plist
copying file ./Payload/HaroonAdvisors.app/PrivacyInfo.xcprivacy ... 
2025-10-18 23:00:54 +0000  1283 bytes for ./Payload/HaroonAdvisors.app/PrivacyInfo.xcprivacy
2025-10-18 23:00:54 +0000  copying file ./Payload/HaroonAdvisors.app/ExpoNotifications_privacy.bundle/PrivacyInfo.xcprivacy ... 
2025-10-18 23:00:54 +0000  607 bytes for ./Payload/HaroonAdvisors.app/ExpoNotifications_privacy.bundle/PrivacyInfo.xcprivacy
2025-10-18 23:00:54 +0000  copying file ./Payload/HaroonAdvisors.app/ExpoNotifications_privacy.bundle/Info.plist ... 
2025-10-18 23:00:54 +0000  801 bytes for ./Payload/HaroonAdvisors.app/ExpoNotifications_privacy.bundle/Info.plist
2025-10-18 23:00:54 +0000  copying file ./Payload/HaroonAdvisors.app/ExpoFileSystem_privacy.bundle/PrivacyInfo.xcprivacy ... 
877 bytes for ./Payload/HaroonAdvisors.app/ExpoFileSystem_privacy.bundle/PrivacyInfo.xcprivacy
2025-10-18 23:00:54 +0000  copying file ./Payload/HaroonAdvisors.app/ExpoFileSystem_privacy.bundle/Info.plist ... 
795 bytes for ./Payload/HaroonAdvisors.app/ExpoFileSystem_privacy.bundle/Info.plist
copying file ./Payload/HaroonAdvisors.app/boost_privacy.bundle/Info.plist ... 
2025-10-18 23:00:54 +0000  774 bytes for ./Payload/HaroonAdvisors.app/boost_privacy.bundle/Info.plist
2025-10-18 23:00:54 +0000  copying file ./Payload/HaroonAdvisors.app/Frameworks/CptShare.framework/_CodeSignature/CodeResources ... 
2025-10-18 23:00:54 +0000  2034 bytes for ./Payload/HaroonAdvisors.app/Frameworks/CptShare.framework/_CodeSignature/CodeResources
2025-10-18 23:00:54 +0000  copying file ./Payload/HaroonAdvisors.app/Frameworks/CptShare.framework/CptShare ... 
2025-10-18 23:00:54 +0000  324368 bytes for ./Payload/HaroonAdvisors.app/Frameworks/CptShare.framework/CptShare
2025-10-18 23:00:54 +0000  copying file ./Payload/HaroonAdvisors.app/Frameworks/CptShare.framework/PrivacyInfo.xcprivacy ... 
7023 bytes for ./Payload/HaroonAdvisors.app/Frameworks/CptShare.framework/PrivacyInfo.xcprivacy
copying file ./Payload/HaroonAdvisors.app/Frameworks/CptShare.framework/Info.plist ... 
2025-10-18 23:00:54 +0000  786 bytes for ./Payload/HaroonAdvisors.app/Frameworks/CptShare.framework/Info.plist
2025-10-18 23:00:54 +0000  copying file ./Payload/HaroonAdvisors.app/Frameworks/zoomcml.framework/_CodeSignature/CodeResources ... 
2025-10-18 23:00:54 +0000  14802 bytes for ./Payload/HaroonAdvisors.app/Frameworks/zoomcml.framework/_CodeSignature/CodeResources
2025-10-18 23:00:54 +0000  copying file ./Payload/HaroonAdvisors.app/Frameworks/zoomcml.framework/bgr_iOS_hori.mlmodelc/metadata.json ... 
2025-10-18 23:00:54 +0000  2057 bytes for ./Payload/HaroonAdvisors.app/Frameworks/zoomcml.framework/bgr_iOS_hori.mlmodelc/metadata.json
2025-10-18 23:00:54 +0000  copying file ./Payload/HaroonAdvisors.app/Frameworks/zoomcml.framework/bgr_iOS_hori.mlmodelc/model.espresso.weights ... 
2025-10-18 23:00:55 +0000  1101728 bytes for ./Payload/HaroonAdvisors.app/Frameworks/zoomcml.framework/bgr_iOS_hori.mlmodelc/model.espresso.weights
2025-10-18 23:00:55 +0000  copying file ./Payload/HaroonAdvisors.app/Frameworks/zoomcml.framework/bgr_iOS_hori.mlmodelc/model/coremldata.bin ... 
200 bytes for ./Payload/HaroonAdvisors.app/Frameworks/zoomcml.framework/bgr_iOS_hori.mlmodelc/model/coremldata.bin
copying file ./Payload/HaroonAdvisors.app/Frameworks/zoomcml.framework/bgr_iOS_hori.mlmodelc/neural_network_optionals/coremldata.bin ... 
2025-10-18 23:00:55 +0000  40 bytes for ./Payload/HaroonAdvisors.app/Frameworks/zoomcml.framework/bgr_iOS_hori.mlmodelc/neural_network_optionals/coremldata.bin
copying file ./Payload/HaroonAdvisors.app/Frameworks/zoomcml.framework/bgr_iOS_hori.mlmodelc/coremldata.bin ... 
2025-10-18 23:00:55 +0000  444 bytes for ./Payload/HaroonAdvisors.app/Frameworks/zoomcml.framework/bgr_iOS_hori.mlmodelc/coremldata.bin
copying file ./Payload/HaroonAdvisors.app/Frameworks/zoomcml.framework/bgr_iOS_hori.mlmodelc/analytics/coremldata.bin ... 
2025-10-18 23:00:55 +0000  480 bytes for ./Payload/HaroonAdvisors.app/Frameworks/zoomcml.framework/bgr_iOS_hori.mlmodelc/analytics/coremldata.bin
2025-10-18 23:00:55 +0000  copying file ./Payload/HaroonAdvisors.app/Frameworks/zoomcml.framework/lip_sync.mlmodelc/metadata.json ... 
2025-10-18 23:00:55 +0000  3369 bytes for ./Payload/HaroonAdvisors.app/Frameworks/zoomcml.framework/lip_sync.mlmodelc/metadata.json
copying file ./Payload/HaroonAdvisors.app/Frameworks/zoomcml.framework/lip_sync.mlmodelc/model.espresso.weights ... 
2025-10-18 23:00:55 +0000  1255424 bytes for ./Payload/HaroonAdvisors.app/Frameworks/zoomcml.framework/lip_sync.mlmodelc/model.espresso.weights
2025-10-18 23:00:55 +0000  copying file ./Payload/HaroonAdvisors.app/Frameworks/zoomcml.framework/lip_sync.mlmodelc/model/coremldata.bin ... 
64 bytes for ./Payload/HaroonAdvisors.app/Frameworks/zoomcml.framework/lip_sync.mlmodelc/model/coremldata.bin
copying file ./Payload/HaroonAdvisors.app/Frameworks/zoomcml.framework/lip_sync.mlmodelc/neural_network_optionals/coremldata.bin ... 
40 bytes for ./Payload/HaroonAdvisors.app/Frameworks/zoomcml.framework/lip_sync.mlmodelc/neural_network_optionals/coremldata.bin
copying file ./Payload/HaroonAdvisors.app/Frameworks/zoomcml.framework/lip_sync.mlmodelc/coremldata.bin ... 
2025-10-18 23:00:55 +0000  995 bytes for ./Payload/HaroonAdvisors.app/Frameworks/zoomcml.framework/lip_sync.mlmodelc/coremldata.bin
copying file ./Payload/HaroonAdvisors.app/Frameworks/zoomcml.framework/lip_sync.mlmodelc/analytics/coremldata.bin ... 
2025-10-18 23:00:55 +0000  476 bytes for ./Payload/HaroonAdvisors.app/Frameworks/zoomcml.framework/lip_sync.mlmodelc/analytics/coremldata.bin
2025-10-18 23:00:55 +0000  copying file ./Payload/HaroonAdvisors.app/Frameworks/zoomcml.framework/zoomcml ... 
2025-10-18 23:00:55 +0000  658672 bytes for ./Payload/HaroonAdvisors.app/Frameworks/zoomcml.framework/zoomcml
2025-10-18 23:00:55 +0000  copying file ./Payload/HaroonAdvisors.app/Frameworks/zoomcml.framework/bgr_iOS_vert.mlmodelc/metadata.json ... 
2025-10-18 23:00:55 +0000  2057 bytes for ./Payload/HaroonAdvisors.app/Frameworks/zoomcml.framework/bgr_iOS_vert.mlmodelc/metadata.json
copying file ./Payload/HaroonAdvisors.app/Frameworks/zoomcml.framework/bgr_iOS_vert.mlmodelc/model.espresso.weights ... 
2025-10-18 23:00:55 +0000  1101728 bytes for ./Payload/HaroonAdvisors.app/Frameworks/zoomcml.framework/bgr_iOS_vert.mlmodelc/model.espresso.weights
2025-10-18 23:00:55 +0000  copying file ./Payload/HaroonAdvisors.app/Frameworks/zoomcml.framework/bgr_iOS_vert.mlmodelc/model/coremldata.bin ... 
200 bytes for ./Payload/HaroonAdvisors.app/Frameworks/zoomcml.framework/bgr_iOS_vert.mlmodelc/model/coremldata.bin
copying file ./Payload/HaroonAdvisors.app/Frameworks/zoomcml.framework/bgr_iOS_vert.mlmodelc/neural_network_optionals/coremldata.bin ... 
2025-10-18 23:00:55 +0000  40 bytes for ./Payload/HaroonAdvisors.app/Frameworks/zoomcml.framework/bgr_iOS_vert.mlmodelc/neural_network_optionals/coremldata.bin
2025-10-18 23:00:55 +0000  copying file ./Payload/HaroonAdvisors.app/Frameworks/zoomcml.framework/bgr_iOS_vert.mlmodelc/coremldata.bin ... 
444 bytes for ./Payload/HaroonAdvisors.app/Frameworks/zoomcml.framework/bgr_iOS_vert.mlmodelc/coremldata.bin
copying file ./Payload/HaroonAdvisors.app/Frameworks/zoomcml.framework/bgr_iOS_vert.mlmodelc/analytics/coremldata.bin ... 
2025-10-18 23:00:55 +0000  480 bytes for ./Payload/HaroonAdvisors.app/Frameworks/zoomcml.framework/bgr_iOS_vert.mlmodelc/analytics/coremldata.bin
copying file ./Payload/HaroonAdvisors.app/Frameworks/zoomcml.framework/hlm.mlmodelc/metadata.json ... 
2025-10-18 23:00:55 +0000  1993 bytes for ./Payload/HaroonAdvisors.app/Frameworks/zoomcml.framework/hlm.mlmodelc/metadata.json
copying file ./Payload/HaroonAdvisors.app/Frameworks/zoomcml.framework/hlm.mlmodelc/model.espresso.weights ... 
2025-10-18 23:00:55 +0000  1427456 bytes for ./Payload/HaroonAdvisors.app/Frameworks/zoomcml.framework/hlm.mlmodelc/model.espresso.weights
2025-10-18 23:00:55 +0000  copying file ./Payload/HaroonAdvisors.app/Frameworks/zoomcml.framework/hlm.mlmodelc/model/coremldata.bin ... 
208 bytes for ./Payload/HaroonAdvisors.app/Frameworks/zoomcml.framework/hlm.mlmodelc/model/coremldata.bin
copying file ./Payload/HaroonAdvisors.app/Frameworks/zoomcml.framework/hlm.mlmodelc/neural_network_optionals/coremldata.bin ... 
40 bytes for ./Payload/HaroonAdvisors.app/Frameworks/zoomcml.framework/hlm.mlmodelc/neural_network_optionals/coremldata.bin
copying file ./Payload/HaroonAdvisors.app/Frameworks/zoomcml.framework/hlm.mlmodelc/coremldata.bin ... 
431 bytes for ./Payload/HaroonAdvisors.app/Frameworks/zoomcml.framework/hlm.mlmodelc/coremldata.bin
2025-10-18 23:00:55 +0000  copying file ./Payload/HaroonAdvisors.app/Frameworks/zoomcml.framework/hlm.mlmodelc/analytics/coremldata.bin ... 
471 bytes for ./Payload/HaroonAdvisors.app/Frameworks/zoomcml.framework/hlm.mlmodelc/analytics/coremldata.bin
2025-10-18 23:00:55 +0000  copying file ./Payload/HaroonAdvisors.app/Frameworks/zoomcml.framework/hd.mlmodelc/metadata.json ... 
2425 bytes for ./Payload/HaroonAdvisors.app/Frameworks/zoomcml.framework/hd.mlmodelc/metadata.json
copying file ./Payload/HaroonAdvisors.app/Frameworks/zoomcml.framework/hd.mlmodelc/model.espresso.weights ... 
2025-10-18 23:00:55 +0000  1300096 bytes for ./Payload/HaroonAdvisors.app/Frameworks/zoomcml.framework/hd.mlmodelc/model.espresso.weights
2025-10-18 23:00:55 +0000  copying file ./Payload/HaroonAdvisors.app/Frameworks/zoomcml.framework/hd.mlmodelc/model/coremldata.bin ... 
208 bytes for ./Payload/HaroonAdvisors.app/Frameworks/zoomcml.framework/hd.mlmodelc/model/coremldata.bin
copying file ./Payload/HaroonAdvisors.app/Frameworks/zoomcml.framework/hd.mlmodelc/neural_network_optionals/coremldata.bin ... 
40 bytes for ./Payload/HaroonAdvisors.app/Frameworks/zoomcml.framework/hd.mlmodelc/neural_network_optionals/coremldata.bin
copying file ./Payload/HaroonAdvisors.app/Frameworks/zoomcml.framework/hd.mlmodelc/coremldata.bin ... 
606 bytes for ./Payload/HaroonAdvisors.app/Frameworks/zoomcml.framework/hd.mlmodelc/coremldata.bin
2025-10-18 23:00:55 +0000  copying file ./Payload/HaroonAdvisors.app/Frameworks/zoomcml.framework/hd.mlmodelc/analytics/coremldata.bin ... 
470 bytes for ./Payload/HaroonAdvisors.app/Frameworks/zoomcml.framework/hd.mlmodelc/analytics/coremldata.bin
copying file ./Payload/HaroonAdvisors.app/Frameworks/zoomcml.framework/flm.mlmodelc/metadata.json ... 
2025-10-18 23:00:55 +0000  2693 bytes for ./Payload/HaroonAdvisors.app/Frameworks/zoomcml.framework/flm.mlmodelc/metadata.json
copying file ./Payload/HaroonAdvisors.app/Frameworks/zoomcml.framework/flm.mlmodelc/model.espresso.weights ... 
2025-10-18 23:00:55 +0000  3280544 bytes for ./Payload/HaroonAdvisors.app/Frameworks/zoomcml.framework/flm.mlmodelc/model.espresso.weights
2025-10-18 23:00:55 +0000  copying file ./Payload/HaroonAdvisors.app/Frameworks/zoomcml.framework/flm.mlmodelc/model/coremldata.bin ... 
216 bytes for ./Payload/HaroonAdvisors.app/Frameworks/zoomcml.framework/flm.mlmodelc/model/coremldata.bin
copying file ./Payload/HaroonAdvisors.app/Frameworks/zoomcml.framework/flm.mlmodelc/neural_network_optionals/coremldata.bin ... 
40 bytes for ./Payload/HaroonAdvisors.app/Frameworks/zoomcml.framework/flm.mlmodelc/neural_network_optionals/coremldata.bin
copying file ./Payload/HaroonAdvisors.app/Frameworks/zoomcml.framework/flm.mlmodelc/coremldata.bin ... 
381 bytes for ./Payload/HaroonAdvisors.app/Frameworks/zoomcml.framework/flm.mlmodelc/coremldata.bin
copying file ./Payload/HaroonAdvisors.app/Frameworks/zoomcml.framework/flm.mlmodelc/analytics/coremldata.bin ... 
2025-10-18 23:00:55 +0000  471 bytes for ./Payload/HaroonAdvisors.app/Frameworks/zoomcml.framework/flm.mlmodelc/analytics/coremldata.bin
copying file ./Payload/HaroonAdvisors.app/Frameworks/zoomcml.framework/PrivacyInfo.xcprivacy ... 
2025-10-18 23:00:55 +0000  7023 bytes for ./Payload/HaroonAdvisors.app/Frameworks/zoomcml.framework/PrivacyInfo.xcprivacy
copying file ./Payload/HaroonAdvisors.app/Frameworks/zoomcml.framework/afn_iOS_hori.mlmodelc/metadata.json ... 
2025-10-18 23:00:55 +0000  2214 bytes for ./Payload/HaroonAdvisors.app/Frameworks/zoomcml.framework/afn_iOS_hori.mlmodelc/metadata.json
copying file ./Payload/HaroonAdvisors.app/Frameworks/zoomcml.framework/afn_iOS_hori.mlmodelc/model.espresso.weights ... 
2025-10-18 23:00:55 +0000  1101184 bytes for ./Payload/HaroonAdvisors.app/Frameworks/zoomcml.framework/afn_iOS_hori.mlmodelc/model.espresso.weights
2025-10-18 23:00:55 +0000  copying file ./Payload/HaroonAdvisors.app/Frameworks/zoomcml.framework/afn_iOS_hori.mlmodelc/model/coremldata.bin ... 
496 bytes for ./Payload/HaroonAdvisors.app/Frameworks/zoomcml.framework/afn_iOS_hori.mlmodelc/model/coremldata.bin
copying file ./Payload/HaroonAdvisors.app/Frameworks/zoomcml.framework/afn_iOS_hori.mlmodelc/neural_network_optionals/coremldata.bin ... 
40 bytes for ./Payload/HaroonAdvisors.app/Frameworks/zoomcml.framework/afn_iOS_hori.mlmodelc/neural_network_optionals/coremldata.bin
copying file ./Payload/HaroonAdvisors.app/Frameworks/zoomcml.framework/afn_iOS_hori.mlmodelc/coremldata.bin ... 
326 bytes for ./Payload/HaroonAdvisors.app/Frameworks/zoomcml.framework/afn_iOS_hori.mlmodelc/coremldata.bin
copying file ./Payload/HaroonAdvisors.app/Frameworks/zoomcml.framework/afn_iOS_hori.mlmodelc/analytics/coremldata.bin ... 
2025-10-18 23:00:55 +0000  479 bytes for ./Payload/HaroonAdvisors.app/Frameworks/zoomcml.framework/afn_iOS_hori.mlmodelc/analytics/coremldata.bin
copying file ./Payload/HaroonAdvisors.app/Frameworks/zoomcml.framework/afn_iOS_vert.mlmodelc/metadata.json ... 
2025-10-18 23:00:55 +0000  2214 bytes for ./Payload/HaroonAdvisors.app/Frameworks/zoomcml.framework/afn_iOS_vert.mlmodelc/metadata.json
copying file ./Payload/HaroonAdvisors.app/Frameworks/zoomcml.framework/afn_iOS_vert.mlmodelc/model.espresso.weights ... 
2025-10-18 23:00:55 +0000  1101184 bytes for ./Payload/HaroonAdvisors.app/Frameworks/zoomcml.framework/afn_iOS_vert.mlmodelc/model.espresso.weights
2025-10-18 23:00:55 +0000  copying file ./Payload/HaroonAdvisors.app/Frameworks/zoomcml.framework/afn_iOS_vert.mlmodelc/model/coremldata.bin ... 
496 bytes for ./Payload/HaroonAdvisors.app/Frameworks/zoomcml.framework/afn_iOS_vert.mlmodelc/model/coremldata.bin
copying file ./Payload/HaroonAdvisors.app/Frameworks/zoomcml.framework/afn_iOS_vert.mlmodelc/neural_network_optionals/coremldata.bin ... 
2025-10-18 23:00:55 +0000  40 bytes for ./Payload/HaroonAdvisors.app/Frameworks/zoomcml.framework/afn_iOS_vert.mlmodelc/neural_network_optionals/coremldata.bin
copying file ./Payload/HaroonAdvisors.app/Frameworks/zoomcml.framework/afn_iOS_vert.mlmodelc/coremldata.bin ... 
2025-10-18 23:00:55 +0000  326 bytes for ./Payload/HaroonAdvisors.app/Frameworks/zoomcml.framework/afn_iOS_vert.mlmodelc/coremldata.bin
copying file ./Payload/HaroonAdvisors.app/Frameworks/zoomcml.framework/afn_iOS_vert.mlmodelc/analytics/coremldata.bin ... 
479 bytes for ./Payload/HaroonAdvisors.app/Frameworks/zoomcml.framework/afn_iOS_vert.mlmodelc/analytics/coremldata.bin
copying file ./Payload/HaroonAdvisors.app/Frameworks/zoomcml.framework/Info.plist ... 
2025-10-18 23:00:55 +0000  802 bytes for ./Payload/HaroonAdvisors.app/Frameworks/zoomcml.framework/Info.plist
copying file ./Payload/HaroonAdvisors.app/Frameworks/zm_annoter_dynamic.framework/_CodeSignature/CodeResources ... 
2025-10-18 23:00:55 +0000  2034 bytes for ./Payload/HaroonAdvisors.app/Frameworks/zm_annoter_dynamic.framework/_CodeSignature/CodeResources
copying file ./Payload/HaroonAdvisors.app/Frameworks/zm_annoter_dynamic.framework/zm_annoter_dynamic ... 
2025-10-18 23:00:55 +0000  5763392 bytes for ./Payload/HaroonAdvisors.app/Frameworks/zm_annoter_dynamic.framework/zm_annoter_dynamic
copying file ./Payload/HaroonAdvisors.app/Frameworks/zm_annoter_dynamic.framework/PrivacyInfo.xcprivacy ... 
2025-10-18 23:00:55 +0000  7023 bytes for ./Payload/HaroonAdvisors.app/Frameworks/zm_annoter_dynamic.framework/PrivacyInfo.xcprivacy
copying file ./Payload/HaroonAdvisors.app/Frameworks/zm_annoter_dynamic.framework/Info.plist ... 
884 bytes for ./Payload/HaroonAdvisors.app/Frameworks/zm_annoter_dynamic.framework/Info.plist
copying file ./Payload/HaroonAdvisors.app/Frameworks/hermes.framework/_CodeSignature/CodeResources ... 
1798 bytes for ./Payload/HaroonAdvisors.app/Frameworks/hermes.framework/_CodeSignature/CodeResources
copying file ./Payload/HaroonAdvisors.app/Frameworks/hermes.framework/hermes ... 
2025-10-18 23:00:55 +0000  4616864 bytes for ./Payload/HaroonAdvisors.app/Frameworks/hermes.framework/hermes
copying file ./Payload/HaroonAdvisors.app/Frameworks/hermes.framework/Info.plist ... 
2025-10-18 23:00:55 +0000  859 bytes for ./Payload/HaroonAdvisors.app/Frameworks/hermes.framework/Info.plist
copying file ./Payload/HaroonAdvisors.app/Frameworks/ZoomVideoSDK.framework/_CodeSignature/CodeResources ... 
2262 bytes for ./Payload/HaroonAdvisors.app/Frameworks/ZoomVideoSDK.framework/_CodeSignature/CodeResources
copying file ./Payload/HaroonAdvisors.app/Frameworks/ZoomVideoSDK.framework/ZoomVideoSDK ... 
2025-10-18 23:00:57 +0000  50951472 bytes for ./Payload/HaroonAdvisors.app/Frameworks/ZoomVideoSDK.framework/ZoomVideoSDK
copying file ./Payload/HaroonAdvisors.app/Frameworks/ZoomVideoSDK.framework/nydusDefault.metallib ... 
2025-10-18 23:00:57 +0000  41064 bytes for ./Payload/HaroonAdvisors.app/Frameworks/ZoomVideoSDK.framework/nydusDefault.metallib
copying file ./Payload/HaroonAdvisors.app/Frameworks/ZoomVideoSDK.framework/PrivacyInfo.xcprivacy ... 
7023 bytes for ./Payload/HaroonAdvisors.app/Frameworks/ZoomVideoSDK.framework/PrivacyInfo.xcprivacy
copying file ./Payload/HaroonAdvisors.app/Frameworks/ZoomVideoSDK.framework/Info.plist ... 
785 bytes for ./Payload/HaroonAdvisors.app/Frameworks/ZoomVideoSDK.framework/Info.plist
copying file ./Payload/HaroonAdvisors.app/embedded.mobileprovision ... 
2025-10-18 23:00:57 +0000  16688 bytes for ./Payload/HaroonAdvisors.app/embedded.mobileprovision
2025-10-18 23:00:57 +0000  copying file ./Payload/HaroonAdvisors.app/assets/app/screens/chat/components/icon/icons/video-on@2x.png ... 
2025-10-18 23:00:57 +0000  13948 bytes for ./Payload/HaroonAdvisors.app/assets/app/screens/chat/components/icon/icons/video-on@2x.png
copying file ./Payload/HaroonAdvisors.app/assets/app/screens/chat/components/icon/icons/hamburger@2x.png ... 
2025-10-18 23:00:57 +0000  222 bytes for ./Payload/HaroonAdvisors.app/assets/app/screens/chat/components/icon/icons/hamburger@2x.png
copying file ./Payload/HaroonAdvisors.app/assets/app/screens/chat/components/icon/icons/share-on@2x.png ... 
2025-10-18 23:00:57 +0000  9493 bytes for ./Payload/HaroonAdvisors.app/assets/app/screens/chat/components/icon/icons/share-on@2x.png
2025-10-18 23:00:57 +0000  copying file ./Payload/HaroonAdvisors.app/assets/app/screens/chat/components/icon/icons/default-avatar.png ... 
2770 bytes for ./Payload/HaroonAdvisors.app/assets/app/screens/chat/components/icon/icons/default-avatar.png
copying file ./Payload/HaroonAdvisors.app/assets/app/screens/chat/components/icon/icons/locked@2x.png ... 
2025-10-18 23:00:57 +0000  376 bytes for ./Payload/HaroonAdvisors.app/assets/app/screens/chat/components/icon/icons/locked@2x.png
copying file ./Payload/HaroonAdvisors.app/assets/app/screens/chat/components/icon/icons/chat-send@3x.png ... 
2025-10-18 23:00:57 +0000  1981 bytes for ./Payload/HaroonAdvisors.app/assets/app/screens/chat/components/icon/icons/chat-send@3x.png
copying file ./Payload/HaroonAdvisors.app/assets/app/screens/chat/components/icon/icons/switch-camera.png ... 
2187 bytes for ./Payload/HaroonAdvisors.app/assets/app/screens/chat/components/icon/icons/switch-camera.png
2025-10-18 23:00:57 +0000  copying file ./Payload/HaroonAdvisors.app/assets/app/screens/chat/components/icon/icons/chat-send@2x.png ... 
1407 bytes for ./Payload/HaroonAdvisors.app/assets/app/screens/chat/components/icon/icons/chat-send@2x.png
copying file ./Payload/HaroonAdvisors.app/assets/app/screens/chat/components/icon/icons/locked@3x.png ... 
2025-10-18 23:00:57 +0000  567 bytes for ./Payload/HaroonAdvisors.app/assets/app/screens/chat/components/icon/icons/locked@3x.png
copying file ./Payload/HaroonAdvisors.app/assets/app/screens/chat/components/icon/icons/share-on@3x.png ... 
2025-10-18 23:00:57 +0000  17857 bytes for ./Payload/HaroonAdvisors.app/assets/app/screens/chat/components/icon/icons/share-on@3x.png
copying file ./Payload/HaroonAdvisors.app/assets/app/screens/chat/components/icon/icons/hamburger@3x.png ... 
2025-10-18 23:00:57 +0000  412 bytes for ./Payload/HaroonAdvisors.app/assets/app/screens/chat/components/icon/icons/hamburger@3x.png
copying file ./Payload/HaroonAdvisors.app/assets/app/screens/chat/components/icon/icons/video-on@3x.png ... 
2025-10-18 23:00:57 +0000  27205 bytes for ./Payload/HaroonAdvisors.app/assets/app/screens/chat/components/icon/icons/video-on@3x.png
copying file ./Payload/HaroonAdvisors.app/assets/app/screens/chat/components/icon/icons/talking@3x.png ... 
2025-10-18 23:00:57 +0000  2179 bytes for ./Payload/HaroonAdvisors.app/assets/app/screens/chat/components/icon/icons/talking@3x.png
copying file ./Payload/HaroonAdvisors.app/assets/app/screens/chat/components/icon/icons/muted@3x.png ... 
2025-10-18 23:00:57 +0000  2083 bytes for ./Payload/HaroonAdvisors.app/assets/app/screens/chat/components/icon/icons/muted@3x.png
copying file ./Payload/HaroonAdvisors.app/assets/app/screens/chat/components/icon/icons/unmute@2x.png ... 
2025-10-18 23:00:57 +0000  7451 bytes for ./Payload/HaroonAdvisors.app/assets/app/screens/chat/components/icon/icons/unmute@2x.png
copying file ./Payload/HaroonAdvisors.app/assets/app/screens/chat/components/icon/icons/share-off@3x.png ... 
2025-10-18 23:00:57 +0000  24051 bytes for ./Payload/HaroonAdvisors.app/assets/app/screens/chat/components/icon/icons/share-off@3x.png
copying file ./Payload/HaroonAdvisors.app/assets/app/screens/chat/components/icon/icons/share-off@2x.png ... 
2025-10-18 23:00:57 +0000  12954 bytes for ./Payload/HaroonAdvisors.app/assets/app/screens/chat/components/icon/icons/share-off@2x.png
copying file ./Payload/HaroonAdvisors.app/assets/app/screens/chat/components/icon/icons/muted@2x.png ... 
2025-10-18 23:00:57 +0000  2031 bytes for ./Payload/HaroonAdvisors.app/assets/app/screens/chat/components/icon/icons/muted@2x.png
copying file ./Payload/HaroonAdvisors.app/assets/app/screens/chat/components/icon/icons/unmute@3x.png ... 
2025-10-18 23:00:57 +0000  13799 bytes for ./Payload/HaroonAdvisors.app/assets/app/screens/chat/components/icon/icons/unmute@3x.png
copying file ./Payload/HaroonAdvisors.app/assets/app/screens/chat/components/icon/icons/talking@2x.png ... 
2025-10-18 23:00:57 +0000  2063 bytes for ./Payload/HaroonAdvisors.app/assets/app/screens/chat/components/icon/icons/talking@2x.png
copying file ./Payload/HaroonAdvisors.app/assets/app/screens/chat/components/icon/icons/question-ballon@2x.png ... 
2025-10-18 23:00:57 +0000  877 bytes for ./Payload/HaroonAdvisors.app/assets/app/screens/chat/components/icon/icons/question-ballon@2x.png
copying file ./Payload/HaroonAdvisors.app/assets/app/screens/chat/components/icon/icons/more@3x.png ... 
2025-10-18 23:00:57 +0000  10541 bytes for ./Payload/HaroonAdvisors.app/assets/app/screens/chat/components/icon/icons/more@3x.png
copying file ./Payload/HaroonAdvisors.app/assets/app/screens/chat/components/icon/icons/speaker-off.png ... 
2025-10-18 23:00:57 +0000  2022 bytes for ./Payload/HaroonAdvisors.app/assets/app/screens/chat/components/icon/icons/speaker-off.png
copying file ./Payload/HaroonAdvisors.app/assets/app/screens/chat/components/icon/icons/question-ballon@3x.png ... 
2025-10-18 23:00:57 +0000  1247 bytes for ./Payload/HaroonAdvisors.app/assets/app/screens/chat/components/icon/icons/question-ballon@3x.png
copying file ./Payload/HaroonAdvisors.app/assets/app/screens/chat/components/icon/icons/more@2x.png ... 
2025-10-18 23:00:57 +0000  5529 bytes for ./Payload/HaroonAdvisors.app/assets/app/screens/chat/components/icon/icons/more@2x.png
copying file ./Payload/HaroonAdvisors.app/assets/app/screens/chat/components/icon/icons/video-off@2x.png ... 
2025-10-18 23:00:57 +0000  12830 bytes for ./Payload/HaroonAdvisors.app/assets/app/screens/chat/components/icon/icons/video-off@2x.png
copying file ./Payload/HaroonAdvisors.app/assets/app/screens/chat/components/icon/icons/unlocked@3x.png ... 
2025-10-18 23:00:57 +0000  634 bytes for ./Payload/HaroonAdvisors.app/assets/app/screens/chat/components/icon/icons/unlocked@3x.png
copying file ./Payload/HaroonAdvisors.app/assets/app/screens/chat/components/icon/icons/mute@3x.png ... 
2025-10-18 23:00:57 +0000  11098 bytes for ./Payload/HaroonAdvisors.app/assets/app/screens/chat/components/icon/icons/mute@3x.png
copying file ./Payload/HaroonAdvisors.app/assets/app/screens/chat/components/icon/icons/speaker-on.png ... 
2025-10-18 23:00:57 +0000  1642 bytes for ./Payload/HaroonAdvisors.app/assets/app/screens/chat/components/icon/icons/speaker-on.png
copying file ./Payload/HaroonAdvisors.app/assets/app/screens/chat/components/icon/icons/mute@2x.png ... 
2025-10-18 23:00:57 +0000  5853 bytes for ./Payload/HaroonAdvisors.app/assets/app/screens/chat/components/icon/icons/mute@2x.png
copying file ./Payload/HaroonAdvisors.app/assets/app/screens/chat/components/icon/icons/unlocked@2x.png ... 
2025-10-18 23:00:57 +0000  384 bytes for ./Payload/HaroonAdvisors.app/assets/app/screens/chat/components/icon/icons/unlocked@2x.png
copying file ./Payload/HaroonAdvisors.app/assets/app/screens/chat/components/icon/icons/video-off@3x.png ... 
2025-10-18 23:00:57 +0000  24545 bytes for ./Payload/HaroonAdvisors.app/assets/app/screens/chat/components/icon/icons/video-off@3x.png
2025-10-18 23:00:57 +0000  copying file ./Payload/HaroonAdvisors.app/assets/node_modules/@react-navigation/drawer/lib/module/views/assets/toggle-drawer-icon@3x.png ... 
2025-10-18 23:00:57 +0000  212 bytes for ./Payload/HaroonAdvisors.app/assets/node_modules/@react-navigation/drawer/lib/module/views/assets/toggle-drawer-icon@3x.png
copying file ./Payload/HaroonAdvisors.app/assets/node_modules/@react-navigation/drawer/lib/module/views/assets/toggle-drawer-icon@2x.png ... 
163 bytes for ./Payload/HaroonAdvisors.app/assets/node_modules/@react-navigation/drawer/lib/module/views/assets/toggle-drawer-icon@2x.png
copying file ./Payload/HaroonAdvisors.app/assets/node_modules/@react-navigation/drawer/lib/module/views/assets/toggle-drawer-icon.png ... 
2025-10-18 23:00:57 +0000  108 bytes for ./Payload/HaroonAdvisors.app/assets/node_modules/@react-navigation/drawer/lib/module/views/assets/toggle-drawer-icon.png
2025-10-18 23:00:57 +0000  copying file ./Payload/HaroonAdvisors.app/assets/node_modules/@react-navigation/elements/lib/module/assets/back-icon@3x.png ... 
761 bytes for ./Payload/HaroonAdvisors.app/assets/node_modules/@react-navigation/elements/lib/module/assets/back-icon@3x.png
copying file ./Payload/HaroonAdvisors.app/assets/node_modules/@react-navigation/elements/lib/module/assets/back-icon@2x.png ... 
2025-10-18 23:00:57 +0000  405 bytes for ./Payload/HaroonAdvisors.app/assets/node_modules/@react-navigation/elements/lib/module/assets/back-icon@2x.png
copying file ./Payload/HaroonAdvisors.app/assets/node_modules/@react-navigation/elements/lib/module/assets/search-icon@2x.png ... 
2025-10-18 23:00:57 +0000  589 bytes for ./Payload/HaroonAdvisors.app/assets/node_modules/@react-navigation/elements/lib/module/assets/search-icon@2x.png
copying file ./Payload/HaroonAdvisors.app/assets/node_modules/@react-navigation/elements/lib/module/assets/clear-icon@3x.png ... 
502 bytes for ./Payload/HaroonAdvisors.app/assets/node_modules/@react-navigation/elements/lib/module/assets/clear-icon@3x.png
copying file ./Payload/HaroonAdvisors.app/assets/node_modules/@react-navigation/elements/lib/module/assets/back-icon.png ... 
2025-10-18 23:00:57 +0000  290 bytes for ./Payload/HaroonAdvisors.app/assets/node_modules/@react-navigation/elements/lib/module/assets/back-icon.png
copying file ./Payload/HaroonAdvisors.app/assets/node_modules/@react-navigation/elements/lib/module/assets/clear-icon@2x.png ... 
2025-10-18 23:00:57 +0000  334 bytes for ./Payload/HaroonAdvisors.app/assets/node_modules/@react-navigation/elements/lib/module/assets/clear-icon@2x.png
copying file ./Payload/HaroonAdvisors.app/assets/node_modules/@react-navigation/elements/lib/module/assets/search-icon@3x.png ... 
2025-10-18 23:00:57 +0000  839 bytes for ./Payload/HaroonAdvisors.app/assets/node_modules/@react-navigation/elements/lib/module/assets/search-icon@3x.png
copying file ./Payload/HaroonAdvisors.app/assets/node_modules/@react-navigation/elements/lib/module/assets/close-icon.png ... 
141 bytes for ./Payload/HaroonAdvisors.app/assets/node_modules/@react-navigation/elements/lib/module/assets/close-icon.png
copying file ./Payload/HaroonAdvisors.app/assets/node_modules/@react-navigation/elements/lib/module/assets/back-icon-mask.png ... 
2025-10-18 23:00:57 +0000  653 bytes for ./Payload/HaroonAdvisors.app/assets/node_modules/@react-navigation/elements/lib/module/assets/back-icon-mask.png
copying file ./Payload/HaroonAdvisors.app/assets/node_modules/@react-navigation/elements/lib/module/assets/close-icon@2x.png ... 
201 bytes for ./Payload/HaroonAdvisors.app/assets/node_modules/@react-navigation/elements/lib/module/assets/close-icon@2x.png
copying file ./Payload/HaroonAdvisors.app/assets/node_modules/@react-navigation/elements/lib/module/assets/close-icon@3x.png ... 
2025-10-18 23:00:57 +0000  266 bytes for ./Payload/HaroonAdvisors.app/assets/node_modules/@react-navigation/elements/lib/module/assets/close-icon@3x.png
copying file ./Payload/HaroonAdvisors.app/assets/node_modules/@react-navigation/elements/lib/module/assets/clear-icon.png ... 
220 bytes for ./Payload/HaroonAdvisors.app/assets/node_modules/@react-navigation/elements/lib/module/assets/clear-icon.png
copying file ./Payload/HaroonAdvisors.app/assets/node_modules/@react-navigation/elements/lib/module/assets/search-icon.png ... 
2025-10-18 23:00:57 +0000  317 bytes for ./Payload/HaroonAdvisors.app/assets/node_modules/@react-navigation/elements/lib/module/assets/search-icon.png
2025-10-18 23:00:57 +0000  copying file ./Payload/HaroonAdvisors.app/assets/node_modules/@expo/vector-icons/build/vendor/react-native-vector-icons/Fonts/Fontisto.ttf ... 
2025-10-18 23:00:57 +0000  313528 bytes for ./Payload/HaroonAdvisors.app/assets/node_modules/@expo/vector-icons/build/vendor/react-native-vector-icons/Fonts/Fontisto.ttf
2025-10-18 23:00:57 +0000  copying file ./Payload/HaroonAdvisors.app/assets/node_modules/@expo/vector-icons/build/vendor/react-native-vector-icons/Fonts/Octicons.ttf ... 
2025-10-18 23:00:57 +0000  49404 bytes for ./Payload/HaroonAdvisors.app/assets/node_modules/@expo/vector-icons/build/vendor/react-native-vector-icons/Fonts/Octicons.ttf
copying file ./Payload/HaroonAdvisors.app/assets/node_modules/@expo/vector-icons/build/vendor/react-native-vector-icons/Fonts/Feather.ttf ... 
2025-10-18 23:00:57 +0000  56228 bytes for ./Payload/HaroonAdvisors.app/assets/node_modules/@expo/vector-icons/build/vendor/react-native-vector-icons/Fonts/Feather.ttf
copying file ./Payload/HaroonAdvisors.app/assets/node_modules/@expo/vector-icons/build/vendor/react-native-vector-icons/Fonts/FontAwesome6_Regular.ttf ... 
2025-10-18 23:00:57 +0000  67976 bytes for ./Payload/HaroonAdvisors.app/assets/node_modules/@expo/vector-icons/build/vendor/react-native-vector-icons/Fonts/FontAwesome6_Regular.ttf
copying file ./Payload/HaroonAdvisors.app/assets/node_modules/@expo/vector-icons/build/vendor/react-native-vector-icons/Fonts/Entypo.ttf ... 
2025-10-18 23:00:57 +0000  66200 bytes for ./Payload/HaroonAdvisors.app/assets/node_modules/@expo/vector-icons/build/vendor/react-native-vector-icons/Fonts/Entypo.ttf
copying file ./Payload/HaroonAdvisors.app/assets/node_modules/@expo/vector-icons/build/vendor/react-native-vector-icons/Fonts/FontAwesome5_Brands.ttf ... 
2025-10-18 23:00:57 +0000  134040 bytes for ./Payload/HaroonAdvisors.app/assets/node_modules/@expo/vector-icons/build/vendor/react-native-vector-icons/Fonts/FontAwesome5_Brands.ttf
copying file ./Payload/HaroonAdvisors.app/assets/node_modules/@expo/vector-icons/build/vendor/react-native-vector-icons/Fonts/MaterialCommunityIcons.ttf ... 
2025-10-18 23:00:58 +0000  1147844 bytes for ./Payload/HaroonAdvisors.app/assets/node_modules/@expo/vector-icons/build/vendor/react-native-vector-icons/Fonts/MaterialCommunityIcons.ttf
copying file ./Payload/HaroonAdvisors.app/assets/node_modules/@expo/vector-icons/build/vendor/react-native-vector-icons/Fonts/AntDesign.ttf ... 
2025-10-18 23:00:58 +0000  70344 bytes for ./Payload/HaroonAdvisors.app/assets/node_modules/@expo/vector-icons/build/vendor/react-native-vector-icons/Fonts/AntDesign.ttf
copying file ./Payload/HaroonAdvisors.app/assets/node_modules/@expo/vector-icons/build/vendor/react-native-vector-icons/Fonts/Foundation.ttf ... 
2025-10-18 23:00:58 +0000  56976 bytes for ./Payload/HaroonAdvisors.app/assets/node_modules/@expo/vector-icons/build/vendor/react-native-vector-icons/Fonts/Foundation.ttf
2025-10-18 23:00:58 +0000  copying file ./Payload/HaroonAdvisors.app/assets/node_modules/@expo/vector-icons/build/vendor/react-native-vector-icons/Fonts/Ionicons.ttf ... 
2025-10-18 23:00:58 +0000  442604 bytes for ./Payload/HaroonAdvisors.app/assets/node_modules/@expo/vector-icons/build/vendor/react-native-vector-icons/Fonts/Ionicons.ttf
copying file ./Payload/HaroonAdvisors.app/assets/node_modules/@expo/vector-icons/build/vendor/react-native-vector-icons/Fonts/FontAwesome5_Solid.ttf ... 
2025-10-18 23:00:58 +0000  202744 bytes for ./Payload/HaroonAdvisors.app/assets/node_modules/@expo/vector-icons/build/vendor/react-native-vector-icons/Fonts/FontAwesome5_Solid.ttf
copying file ./Payload/HaroonAdvisors.app/assets/node_modules/@expo/vector-icons/build/vendor/react-native-vector-icons/Fonts/FontAwesome5_Regular.ttf ... 
2025-10-18 23:00:58 +0000  33736 bytes for ./Payload/HaroonAdvisors.app/assets/node_modules/@expo/vector-icons/build/vendor/react-native-vector-icons/Fonts/FontAwesome5_Regular.ttf
copying file ./Payload/HaroonAdvisors.app/assets/node_modules/@expo/vector-icons/build/vendor/react-native-vector-icons/Fonts/FontAwesome.ttf ... 
2025-10-18 23:00:58 +0000  165548 bytes for ./Payload/HaroonAdvisors.app/assets/node_modules/@expo/vector-icons/build/vendor/react-native-vector-icons/Fonts/FontAwesome.ttf
copying file ./Payload/HaroonAdvisors.app/assets/node_modules/@expo/vector-icons/build/vendor/react-native-vector-icons/Fonts/Zocial.ttf ... 
2025-10-18 23:00:58 +0000  25788 bytes for ./Payload/HaroonAdvisors.app/assets/node_modules/@expo/vector-icons/build/vendor/react-native-vector-icons/Fonts/Zocial.ttf
copying file ./Payload/HaroonAdvisors.app/assets/node_modules/@expo/vector-icons/build/vendor/react-native-vector-icons/Fonts/EvilIcons.ttf ... 
2025-10-18 23:00:58 +0000  13456 bytes for ./Payload/HaroonAdvisors.app/assets/node_modules/@expo/vector-icons/build/vendor/react-native-vector-icons/Fonts/EvilIcons.ttf
copying file ./Payload/HaroonAdvisors.app/assets/node_modules/@expo/vector-icons/build/vendor/react-native-vector-icons/Fonts/FontAwesome6_Solid.ttf ... 
2025-10-18 23:00:58 +0000  423676 bytes for ./Payload/HaroonAdvisors.app/assets/node_modules/@expo/vector-icons/build/vendor/react-native-vector-icons/Fonts/FontAwesome6_Solid.ttf
copying file ./Payload/HaroonAdvisors.app/assets/node_modules/@expo/vector-icons/build/vendor/react-native-vector-icons/Fonts/SimpleLineIcons.ttf ... 
2025-10-18 23:00:58 +0000  54056 bytes for ./Payload/HaroonAdvisors.app/assets/node_modules/@expo/vector-icons/build/vendor/react-native-vector-icons/Fonts/SimpleLineIcons.ttf
copying file ./Payload/HaroonAdvisors.app/assets/node_modules/@expo/vector-icons/build/vendor/react-native-vector-icons/Fonts/FontAwesome6_Brands.ttf ... 
2025-10-18 23:00:58 +0000  209376 bytes for ./Payload/HaroonAdvisors.app/assets/node_modules/@expo/vector-icons/build/vendor/react-native-vector-icons/Fonts/FontAwesome6_Brands.ttf
copying file ./Payload/HaroonAdvisors.app/assets/node_modules/@expo/vector-icons/build/vendor/react-native-vector-icons/Fonts/MaterialIcons.ttf ... 
2025-10-18 23:00:58 +0000  356840 bytes for ./Payload/HaroonAdvisors.app/assets/node_modules/@expo/vector-icons/build/vendor/react-native-vector-icons/Fonts/MaterialIcons.ttf
2025-10-18 23:00:58 +0000  copying file ./Payload/HaroonAdvisors.app/assets/node_modules/expo-router/assets/pkg.png ... 
2025-10-18 23:00:58 +0000  364 bytes for ./Payload/HaroonAdvisors.app/assets/node_modules/expo-router/assets/pkg.png
copying file ./Payload/HaroonAdvisors.app/assets/node_modules/expo-router/assets/unmatched.png ... 
2025-10-18 23:00:58 +0000  4752 bytes for ./Payload/HaroonAdvisors.app/assets/node_modules/expo-router/assets/unmatched.png
copying file ./Payload/HaroonAdvisors.app/assets/node_modules/expo-router/assets/file.png ... 
2025-10-18 23:00:58 +0000  138 bytes for ./Payload/HaroonAdvisors.app/assets/node_modules/expo-router/assets/file.png
copying file ./Payload/HaroonAdvisors.app/assets/node_modules/expo-router/assets/forward.png ... 
188 bytes for ./Payload/HaroonAdvisors.app/assets/node_modules/expo-router/assets/forward.png
copying file ./Payload/HaroonAdvisors.app/assets/node_modules/expo-router/assets/error.png ... 
2025-10-18 23:00:58 +0000  469 bytes for ./Payload/HaroonAdvisors.app/assets/node_modules/expo-router/assets/error.png
copying file ./Payload/HaroonAdvisors.app/assets/node_modules/expo-router/assets/sitemap.png ... 
465 bytes for ./Payload/HaroonAdvisors.app/assets/node_modules/expo-router/assets/sitemap.png
2025-10-18 23:00:58 +0000  copying file ./Payload/HaroonAdvisors.app/assets/node_modules/react-native-calendars/src/calendar/img/previous@2x.png ... 
2025-10-18 23:00:58 +0000  458 bytes for ./Payload/HaroonAdvisors.app/assets/node_modules/react-native-calendars/src/calendar/img/previous@2x.png
copying file ./Payload/HaroonAdvisors.app/assets/node_modules/react-native-calendars/src/calendar/img/next@2x.png ... 
2025-10-18 23:00:58 +0000  462 bytes for ./Payload/HaroonAdvisors.app/assets/node_modules/react-native-calendars/src/calendar/img/next@2x.png
copying file ./Payload/HaroonAdvisors.app/assets/node_modules/react-native-calendars/src/img/down@3x.png ... 
2025-10-18 23:00:58 +0000  508 bytes for ./Payload/HaroonAdvisors.app/assets/node_modules/react-native-calendars/src/img/down@3x.png
copying file ./Payload/HaroonAdvisors.app/assets/node_modules/react-native-calendars/src/img/down@2x.png ... 
354 bytes for ./Payload/HaroonAdvisors.app/assets/node_modules/react-native-calendars/src/img/down@2x.png
copying file ./Payload/HaroonAdvisors.app/assets/node_modules/react-native-calendars/src/img/up.png ... 
2025-10-18 23:00:58 +0000  215 bytes for ./Payload/HaroonAdvisors.app/assets/node_modules/react-native-calendars/src/img/up.png
copying file ./Payload/HaroonAdvisors.app/assets/node_modules/react-native-calendars/src/img/down.png ... 
208 bytes for ./Payload/HaroonAdvisors.app/assets/node_modules/react-native-calendars/src/img/down.png
copying file ./Payload/HaroonAdvisors.app/assets/node_modules/react-native-calendars/src/img/up@2x.png ... 
2025-10-18 23:00:58 +0000  347 bytes for ./Payload/HaroonAdvisors.app/assets/node_modules/react-native-calendars/src/img/up@2x.png
copying file ./Payload/HaroonAdvisors.app/assets/node_modules/react-native-calendars/src/img/up@3x.png ... 
504 bytes for ./Payload/HaroonAdvisors.app/assets/node_modules/react-native-calendars/src/img/up@3x.png
2025-10-18 23:00:58 +0000  copying file ./Payload/HaroonAdvisors.app/assets/assets/images/icon.png ... 
2025-10-18 23:00:58 +0000  83777 bytes for ./Payload/HaroonAdvisors.app/assets/assets/images/icon.png
2025-10-18 23:00:58 +0000  copying file ./Payload/HaroonAdvisors.app/assets/assets/images/global/check.png ... 
4058 bytes for ./Payload/HaroonAdvisors.app/assets/assets/images/global/check.png
2025-10-18 23:00:58 +0000  copying file ./Payload/HaroonAdvisors.app/assets/assets/images/global/lighter-logo.png ... 
2393 bytes for ./Payload/HaroonAdvisors.app/assets/assets/images/global/lighter-logo.png
copying file ./Payload/HaroonAdvisors.app/assets/assets/images/global/payment-icons.png ... 
2025-10-18 23:00:58 +0000  165453 bytes for ./Payload/HaroonAdvisors.app/assets/assets/images/global/payment-icons.png
2025-10-18 23:00:58 +0000  copying file ./Payload/HaroonAdvisors.app/assets/assets/images/global/post/labor-department.jpg ... 
2025-10-18 23:00:58 +0000  41420 bytes for ./Payload/HaroonAdvisors.app/assets/assets/images/global/post/labor-department.jpg
copying file ./Payload/HaroonAdvisors.app/assets/assets/images/global/post/construction-department.jpg ... 
2025-10-18 23:00:58 +0000  48025 bytes for ./Payload/HaroonAdvisors.app/assets/assets/images/global/post/construction-department.jpg
copying file ./Payload/HaroonAdvisors.app/assets/assets/images/global/post/administrative-department.jpg ... 
2025-10-18 23:00:58 +0000  48445 bytes for ./Payload/HaroonAdvisors.app/assets/assets/images/global/post/administrative-department.jpg
copying file ./Payload/HaroonAdvisors.app/assets/assets/images/global/post/sports-department.jpg ... 
2025-10-18 23:00:58 +0000  84699 bytes for ./Payload/HaroonAdvisors.app/assets/assets/images/global/post/sports-department.jpg
copying file ./Payload/HaroonAdvisors.app/assets/assets/images/global/post/personal-department.jpg ... 
2025-10-18 23:00:58 +0000  36745 bytes for ./Payload/HaroonAdvisors.app/assets/assets/images/global/post/personal-department.jpg
copying file ./Payload/HaroonAdvisors.app/assets/assets/images/global/post/real-department.jpg ... 
2025-10-18 23:00:58 +0000  32895 bytes for ./Payload/HaroonAdvisors.app/assets/assets/images/global/post/real-department.jpg
copying file ./Payload/HaroonAdvisors.app/assets/assets/images/global/post/commercial-department.jpg ... 
2025-10-18 23:00:58 +0000  30498 bytes for ./Payload/HaroonAdvisors.app/assets/assets/images/global/post/commercial-department.jpg
copying file ./Payload/HaroonAdvisors.app/assets/assets/images/global/post/residency-department.jpg ... 
2025-10-18 23:00:58 +0000  53786 bytes for ./Payload/HaroonAdvisors.app/assets/assets/images/global/post/residency-department.jpg
copying file ./Payload/HaroonAdvisors.app/assets/assets/images/global/post/criminal-department.jpg ... 
2025-10-18 23:00:58 +0000  44062 bytes for ./Payload/HaroonAdvisors.app/assets/assets/images/global/post/criminal-department.jpg
copying file ./Payload/HaroonAdvisors.app/assets/assets/images/global/post/civil-department.jpg ... 
2025-10-18 23:00:58 +0000  48319 bytes for ./Payload/HaroonAdvisors.app/assets/assets/images/global/post/civil-department.jpg
2025-10-18 23:00:58 +0000  copying file ./Payload/HaroonAdvisors.app/assets/assets/images/global/flags/Australia.png ... 
1281 bytes for ./Payload/HaroonAdvisors.app/assets/assets/images/global/flags/Australia.png
copying file ./Payload/HaroonAdvisors.app/assets/assets/images/global/flags/german.png ... 
2025-10-18 23:00:58 +0000  1008 bytes for ./Payload/HaroonAdvisors.app/assets/assets/images/global/flags/german.png
copying file ./Payload/HaroonAdvisors.app/assets/assets/images/global/flags/pakistan.png ... 
2025-10-18 23:00:58 +0000  23570 bytes for ./Payload/HaroonAdvisors.app/assets/assets/images/global/flags/pakistan.png
copying file ./Payload/HaroonAdvisors.app/assets/assets/images/global/flags/spanish.png ... 
2025-10-18 23:00:58 +0000  5017 bytes for ./Payload/HaroonAdvisors.app/assets/assets/images/global/flags/spanish.png
copying file ./Payload/HaroonAdvisors.app/assets/assets/images/global/flags/italian.png ... 
2025-10-18 23:00:58 +0000  343 bytes for ./Payload/HaroonAdvisors.app/assets/assets/images/global/flags/italian.png
copying file ./Payload/HaroonAdvisors.app/assets/assets/images/global/flags/UnitedArabEmirates.png ... 
222 bytes for ./Payload/HaroonAdvisors.app/assets/assets/images/global/flags/UnitedArabEmirates.png
copying file ./Payload/HaroonAdvisors.app/assets/assets/images/global/flags/india.png ... 
2025-10-18 23:00:58 +0000  827 bytes for ./Payload/HaroonAdvisors.app/assets/assets/images/global/flags/india.png
copying file ./Payload/HaroonAdvisors.app/assets/assets/images/global/flags/UnitedStates.png ... 
1251 bytes for ./Payload/HaroonAdvisors.app/assets/assets/images/global/flags/UnitedStates.png
2025-10-18 23:00:58 +0000  copying file ./Payload/HaroonAdvisors.app/assets/assets/images/global/zoom.png ... 
2025-10-18 23:00:58 +0000  8239 bytes for ./Payload/HaroonAdvisors.app/assets/assets/images/global/zoom.png
copying file ./Payload/HaroonAdvisors.app/assets/assets/images/global/dark-logo.png ... 
2025-10-18 23:00:58 +0000  7042 bytes for ./Payload/HaroonAdvisors.app/assets/assets/images/global/dark-logo.png
copying file ./Payload/HaroonAdvisors.app/assets/assets/images/global/light-logo.png ... 
2025-10-18 23:00:58 +0000  5536 bytes for ./Payload/HaroonAdvisors.app/assets/assets/images/global/light-logo.png
copying file ./Payload/HaroonAdvisors.app/assets/assets/images/global/user.png ... 
2025-10-18 23:00:58 +0000  5659 bytes for ./Payload/HaroonAdvisors.app/assets/assets/images/global/user.png
2025-10-18 23:00:58 +0000  copying file ./Payload/HaroonAdvisors.app/assets/assets/images/global/icons/speedometer.png ... 
2025-10-18 23:00:58 +0000  1607 bytes for ./Payload/HaroonAdvisors.app/assets/assets/images/global/icons/speedometer.png
copying file ./Payload/HaroonAdvisors.app/assets/assets/images/global/icons/headphones.png ... 
1469 bytes for ./Payload/HaroonAdvisors.app/assets/assets/images/global/icons/headphones.png
2025-10-18 23:00:58 +0000  copying file ./Payload/HaroonAdvisors.app/assets/assets/images/global/icons/card.png ... 
641 bytes for ./Payload/HaroonAdvisors.app/assets/assets/images/global/icons/card.png
copying file ./Payload/HaroonAdvisors.app/assets/assets/images/global/icons/plus.png ... 
2025-10-18 23:00:58 +0000  1268 bytes for ./Payload/HaroonAdvisors.app/assets/assets/images/global/icons/plus.png
copying file ./Payload/HaroonAdvisors.app/assets/assets/images/global/icons/design.png ... 
2025-10-18 23:00:58 +0000  1710 bytes for ./Payload/HaroonAdvisors.app/assets/assets/images/global/icons/design.png
copying file ./Payload/HaroonAdvisors.app/assets/assets/images/global/icons/Paper.png ... 
2025-10-18 23:00:58 +0000  911 bytes for ./Payload/HaroonAdvisors.app/assets/assets/images/global/icons/Paper.png
copying file ./Payload/HaroonAdvisors.app/assets/assets/images/global/icons/chat2.png ... 
1954 bytes for ./Payload/HaroonAdvisors.app/assets/assets/images/global/icons/chat2.png
copying file ./Payload/HaroonAdvisors.app/assets/assets/images/global/icons/exchange.png ... 
2025-10-18 23:00:58 +0000  515 bytes for ./Payload/HaroonAdvisors.app/assets/assets/images/global/icons/exchange.png
copying file ./Payload/HaroonAdvisors.app/assets/assets/images/global/icons/bell.png ... 
2025-10-18 23:00:58 +0000  1619 bytes for ./Payload/HaroonAdvisors.app/assets/assets/images/global/icons/bell.png
copying file ./Payload/HaroonAdvisors.app/assets/assets/images/global/icons/wallet.png ... 
996 bytes for ./Payload/HaroonAdvisors.app/assets/assets/images/global/icons/wallet.png
copying file ./Payload/HaroonAdvisors.app/assets/assets/images/global/icons/book.png ... 
2025-10-18 23:00:58 +0000  1172 bytes for ./Payload/HaroonAdvisors.app/assets/assets/images/global/icons/book.png
copying file ./Payload/HaroonAdvisors.app/assets/assets/images/global/icons/setting3.png ... 
2025-10-18 23:00:58 +0000  1731 bytes for ./Payload/HaroonAdvisors.app/assets/assets/images/global/icons/setting3.png
copying file ./Payload/HaroonAdvisors.app/assets/assets/images/global/icons/search2.png ... 
2025-10-18 23:00:58 +0000  1776 bytes for ./Payload/HaroonAdvisors.app/assets/assets/images/global/icons/search2.png
copying file ./Payload/HaroonAdvisors.app/assets/assets/images/global/icons/color-circle.png ... 
2025-10-18 23:00:58 +0000  2093 bytes for ./Payload/HaroonAdvisors.app/assets/assets/images/global/icons/color-circle.png
copying file ./Payload/HaroonAdvisors.app/assets/assets/images/global/icons/setting2.png ... 
988 bytes for ./Payload/HaroonAdvisors.app/assets/assets/images/global/icons/setting2.png
copying file ./Payload/HaroonAdvisors.app/assets/assets/images/global/icons/discount.png ... 
2025-10-18 23:00:58 +0000  1816 bytes for ./Payload/HaroonAdvisors.app/assets/assets/images/global/icons/discount.png
copying file ./Payload/HaroonAdvisors.app/assets/assets/images/global/icons/to-do-list.png ... 
2025-10-18 23:00:58 +0000  1445 bytes for ./Payload/HaroonAdvisors.app/assets/assets/images/global/icons/to-do-list.png
copying file ./Payload/HaroonAdvisors.app/assets/assets/images/global/icons/system-update.png ... 
2025-10-18 23:00:58 +0000  2298 bytes for ./Payload/HaroonAdvisors.app/assets/assets/images/global/icons/system-update.png
copying file ./Payload/HaroonAdvisors.app/assets/assets/images/global/icons/fuel.png ... 
1556 bytes for ./Payload/HaroonAdvisors.app/assets/assets/images/global/icons/fuel.png
copying file ./Payload/HaroonAdvisors.app/assets/assets/images/global/icons/sparkle.png ... 
2025-10-18 23:00:58 +0000  757 bytes for ./Payload/HaroonAdvisors.app/assets/assets/images/global/icons/sparkle.png
copying file ./Payload/HaroonAdvisors.app/assets/assets/images/global/icons/pawprint.png ... 
2025-10-18 23:00:58 +0000  2240 bytes for ./Payload/HaroonAdvisors.app/assets/assets/images/global/icons/pawprint.png
copying file ./Payload/HaroonAdvisors.app/assets/assets/images/global/icons/logout.png ... 
967 bytes for ./Payload/HaroonAdvisors.app/assets/assets/images/global/icons/logout.png
copying file ./Payload/HaroonAdvisors.app/assets/assets/images/global/icons/reels.png ... 
2025-10-18 23:00:58 +0000  1384 bytes for ./Payload/HaroonAdvisors.app/assets/assets/images/global/icons/reels.png
copying file ./Payload/HaroonAdvisors.app/assets/assets/images/global/icons/promotion.png ... 
2025-10-18 23:00:58 +0000  2064 bytes for ./Payload/HaroonAdvisors.app/assets/assets/images/global/icons/promotion.png
copying file ./Payload/HaroonAdvisors.app/assets/assets/images/global/icons/library.png ... 
665 bytes for ./Payload/HaroonAdvisors.app/assets/assets/images/global/icons/library.png
copying file ./Payload/HaroonAdvisors.app/assets/assets/images/global/icons/home.png ... 
2025-10-18 23:00:58 +0000  715 bytes for ./Payload/HaroonAdvisors.app/assets/assets/images/global/icons/home.png
copying file ./Payload/HaroonAdvisors.app/assets/assets/images/global/icons/user.png ... 
2025-10-18 23:00:58 +0000  1188 bytes for ./Payload/HaroonAdvisors.app/assets/assets/images/global/icons/user.png
copying file ./Payload/HaroonAdvisors.app/assets/assets/images/global/icons/restaurant.png ... 
2025-10-18 23:00:58 +0000  1128 bytes for ./Payload/HaroonAdvisors.app/assets/assets/images/global/icons/restaurant.png
copying file ./Payload/HaroonAdvisors.app/assets/assets/images/global/icons/phonepe.png ... 
2962 bytes for ./Payload/HaroonAdvisors.app/assets/assets/images/global/icons/phonepe.png
2025-10-18 23:00:58 +0000  copying file ./Payload/HaroonAdvisors.app/assets/assets/images/global/icons/figma.png ... 
1163 bytes for ./Payload/HaroonAdvisors.app/assets/assets/images/global/icons/figma.png
copying file ./Payload/HaroonAdvisors.app/assets/assets/images/global/icons/like.png ... 
2025-10-18 23:00:58 +0000  1099 bytes for ./Payload/HaroonAdvisors.app/assets/assets/images/global/icons/like.png
copying file ./Payload/HaroonAdvisors.app/assets/assets/images/global/icons/likes.png ... 
2025-10-18 23:00:58 +0000  4458 bytes for ./Payload/HaroonAdvisors.app/assets/assets/images/global/icons/likes.png
copying file ./Payload/HaroonAdvisors.app/assets/assets/images/global/icons/list.png ... 
2025-10-18 23:00:58 +0000  1775 bytes for ./Payload/HaroonAdvisors.app/assets/assets/images/global/icons/list.png
copying file ./Payload/HaroonAdvisors.app/assets/assets/images/global/icons/grid.png ... 
2025-10-18 23:00:58 +0000  1610 bytes for ./Payload/HaroonAdvisors.app/assets/assets/images/global/icons/grid.png
copying file ./Payload/HaroonAdvisors.app/assets/assets/images/global/icons/search.png ... 
2025-10-18 23:00:58 +0000  1477 bytes for ./Payload/HaroonAdvisors.app/assets/assets/images/global/icons/search.png
copying file ./Payload/HaroonAdvisors.app/assets/assets/images/global/icons/gearbox.png ... 
1475 bytes for ./Payload/HaroonAdvisors.app/assets/assets/images/global/icons/gearbox.png
copying file ./Payload/HaroonAdvisors.app/assets/assets/images/global/icons/shootcase.png ... 
2025-10-18 23:00:58 +0000  1564 bytes for ./Payload/HaroonAdvisors.app/assets/assets/images/global/icons/shootcase.png
copying file ./Payload/HaroonAdvisors.app/assets/assets/images/global/icons/heart.png ... 
2025-10-18 23:00:58 +0000  1186 bytes for ./Payload/HaroonAdvisors.app/assets/assets/images/global/icons/heart.png
copying file ./Payload/HaroonAdvisors.app/assets/assets/images/global/icons/user3.png ... 
2025-10-18 23:00:58 +0000  1512 bytes for ./Payload/HaroonAdvisors.app/assets/assets/images/global/icons/user3.png
copying file ./Payload/HaroonAdvisors.app/assets/assets/images/global/icons/user2.png ... 
1420 bytes for ./Payload/HaroonAdvisors.app/assets/assets/images/global/icons/user2.png
copying file ./Payload/HaroonAdvisors.app/assets/assets/images/global/icons/user1.png ... 
2025-10-18 23:00:58 +0000  1731 bytes for ./Payload/HaroonAdvisors.app/assets/assets/images/global/icons/user1.png
copying file ./Payload/HaroonAdvisors.app/assets/assets/images/global/icons/suitcase.png ... 
2025-10-18 23:00:58 +0000  1370 bytes for ./Payload/HaroonAdvisors.app/assets/assets/images/global/icons/suitcase.png
copying file ./Payload/HaroonAdvisors.app/assets/assets/images/global/icons/blog.png ... 
2025-10-18 23:00:58 +0000  1309 bytes for ./Payload/HaroonAdvisors.app/assets/assets/images/global/icons/blog.png
copying file ./Payload/HaroonAdvisors.app/assets/assets/images/global/icons/supermarket.png ... 
1172 bytes for ./Payload/HaroonAdvisors.app/assets/assets/images/global/icons/supermarket.png
copying file ./Payload/HaroonAdvisors.app/assets/assets/images/global/icons/heart2.png ... 
2025-10-18 23:00:58 +0000  1224 bytes for ./Payload/HaroonAdvisors.app/assets/assets/images/global/icons/heart2.png
copying file ./Payload/HaroonAdvisors.app/assets/assets/images/global/icons/collage.png ... 
945 bytes for ./Payload/HaroonAdvisors.app/assets/assets/images/global/icons/collage.png
2025-10-18 23:00:58 +0000  copying file ./Payload/HaroonAdvisors.app/assets/assets/images/global/icons/pay.png ... 
1269 bytes for ./Payload/HaroonAdvisors.app/assets/assets/images/global/icons/pay.png
copying file ./Payload/HaroonAdvisors.app/assets/assets/images/global/icons/react.png ... 
2025-10-18 23:00:58 +0000  2344 bytes for ./Payload/HaroonAdvisors.app/assets/assets/images/global/icons/react.png
copying file ./Payload/HaroonAdvisors.app/assets/assets/images/global/icons/video.png ... 
2025-10-18 23:00:58 +0000  1384 bytes for ./Payload/HaroonAdvisors.app/assets/assets/images/global/icons/video.png
copying file ./Payload/HaroonAdvisors.app/assets/assets/images/global/icons/gift.png ... 
1155 bytes for ./Payload/HaroonAdvisors.app/assets/assets/images/global/icons/gift.png
copying file ./Payload/HaroonAdvisors.app/assets/assets/images/global/icons/subscribes.png ... 
2025-10-18 23:00:58 +0000  624 bytes for ./Payload/HaroonAdvisors.app/assets/assets/images/global/icons/subscribes.png
copying file ./Payload/HaroonAdvisors.app/assets/assets/images/global/icons/sketch.png ... 
2025-10-18 23:00:58 +0000  1040 bytes for ./Payload/HaroonAdvisors.app/assets/assets/images/global/icons/sketch.png
copying file ./Payload/HaroonAdvisors.app/assets/assets/images/global/icons/language.png ... 
1740 bytes for ./Payload/HaroonAdvisors.app/assets/assets/images/global/icons/language.png
copying file ./Payload/HaroonAdvisors.app/assets/assets/images/global/icons/clock.png ... 
2025-10-18 23:00:58 +0000  1471 bytes for ./Payload/HaroonAdvisors.app/assets/assets/images/global/icons/clock.png
copying file ./Payload/HaroonAdvisors.app/assets/assets/images/global/icons/development.png ... 
2025-10-18 23:00:58 +0000  1230 bytes for ./Payload/HaroonAdvisors.app/assets/assets/images/global/icons/development.png
copying file ./Payload/HaroonAdvisors.app/assets/assets/images/global/icons/home3.png ... 
2025-10-18 23:00:58 +0000  932 bytes for ./Payload/HaroonAdvisors.app/assets/assets/images/global/icons/home3.png
copying file ./Payload/HaroonAdvisors.app/assets/assets/images/global/icons/bank.png ... 
1244 bytes for ./Payload/HaroonAdvisors.app/assets/assets/images/global/icons/bank.png
2025-10-18 23:00:58 +0000  copying file ./Payload/HaroonAdvisors.app/assets/assets/images/global/icons/cash.png ... 
1736 bytes for ./Payload/HaroonAdvisors.app/assets/assets/images/global/icons/cash.png
copying file ./Payload/HaroonAdvisors.app/assets/assets/images/global/icons/photoshop.png ... 
2025-10-18 23:00:58 +0000  764 bytes for ./Payload/HaroonAdvisors.app/assets/assets/images/global/icons/photoshop.png
copying file ./Payload/HaroonAdvisors.app/assets/assets/images/global/icons/appdeveloper.png ... 
2025-10-18 23:00:58 +0000  1573 bytes for ./Payload/HaroonAdvisors.app/assets/assets/images/global/icons/appdeveloper.png
copying file ./Payload/HaroonAdvisors.app/assets/assets/images/global/icons/home2.png ... 
2025-10-18 23:00:58 +0000  1237 bytes for ./Payload/HaroonAdvisors.app/assets/assets/images/global/icons/home2.png
copying file ./Payload/HaroonAdvisors.app/assets/assets/images/global/icons/star.png ... 
2025-10-18 23:00:58 +0000  756 bytes for ./Payload/HaroonAdvisors.app/assets/assets/images/global/icons/star.png
copying file ./Payload/HaroonAdvisors.app/assets/assets/images/global/icons/star3.png ... 
1220 bytes for ./Payload/HaroonAdvisors.app/assets/assets/images/global/icons/star3.png
copying file ./Payload/HaroonAdvisors.app/assets/assets/images/global/icons/network.png ... 
2025-10-18 23:00:58 +0000  1599 bytes for ./Payload/HaroonAdvisors.app/assets/assets/images/global/icons/network.png
copying file ./Payload/HaroonAdvisors.app/assets/assets/images/global/icons/photo-camera.png ... 
2025-10-18 23:00:58 +0000  1496 bytes for ./Payload/HaroonAdvisors.app/assets/assets/images/global/icons/photo-camera.png
copying file ./Payload/HaroonAdvisors.app/assets/assets/images/global/icons/love.png ... 
2025-10-18 23:00:58 +0000  2248 bytes for ./Payload/HaroonAdvisors.app/assets/assets/images/global/icons/love.png
copying file ./Payload/HaroonAdvisors.app/assets/assets/images/global/icons/star2.png ... 
1221 bytes for ./Payload/HaroonAdvisors.app/assets/assets/images/global/icons/star2.png
copying file ./Payload/HaroonAdvisors.app/assets/assets/images/global/icons/addition.png ... 
2025-10-18 23:00:58 +0000  839 bytes for ./Payload/HaroonAdvisors.app/assets/assets/images/global/icons/addition.png
copying file ./Payload/HaroonAdvisors.app/assets/assets/images/global/icons/google.png ... 
1994 bytes for ./Payload/HaroonAdvisors.app/assets/assets/images/global/icons/google.png
2025-10-18 23:00:58 +0000  copying file ./Payload/HaroonAdvisors.app/assets/assets/images/global/icons/home1.png ... 
1038 bytes for ./Payload/HaroonAdvisors.app/assets/assets/images/global/icons/home1.png
copying file ./Payload/HaroonAdvisors.app/assets/assets/images/global/icons/facebook.png ... 
2025-10-18 23:00:58 +0000  1664 bytes for ./Payload/HaroonAdvisors.app/assets/assets/images/global/icons/facebook.png
copying file ./Payload/HaroonAdvisors.app/assets/assets/images/global/icons/chat.png ... 
2025-10-18 23:00:58 +0000  1259 bytes for ./Payload/HaroonAdvisors.app/assets/assets/images/global/icons/chat.png
copying file ./Payload/HaroonAdvisors.app/assets/assets/images/global/icons/thumbs-up.png ... 
2210 bytes for ./Payload/HaroonAdvisors.app/assets/assets/images/global/icons/thumbs-up.png
copying file ./Payload/HaroonAdvisors.app/assets/assets/images/global/icons/play.png ... 
2025-10-18 23:00:58 +0000  1648 bytes for ./Payload/HaroonAdvisors.app/assets/assets/images/global/icons/play.png
copying file ./Payload/HaroonAdvisors.app/assets/assets/images/global/icons/Setting.png ... 
2025-10-18 23:00:58 +0000  1525 bytes for ./Payload/HaroonAdvisors.app/assets/assets/images/global/icons/Setting.png
copying file ./Payload/HaroonAdvisors.app/assets/assets/images/global/icons/Image.png ... 
2025-10-18 23:00:58 +0000  1333 bytes for ./Payload/HaroonAdvisors.app/assets/assets/images/global/icons/Image.png
copying file ./Payload/HaroonAdvisors.app/assets/assets/images/global/icons/bag.png ... 
930 bytes for ./Payload/HaroonAdvisors.app/assets/assets/images/global/icons/bag.png
copying file ./Payload/HaroonAdvisors.app/assets/assets/images/global/icons/thumb.png ... 
2025-10-18 23:00:58 +0000  1571 bytes for ./Payload/HaroonAdvisors.app/assets/assets/images/global/icons/thumb.png
copying file ./Payload/HaroonAdvisors.app/assets/assets/images/global/icons/personal.png ... 
2025-10-18 23:00:58 +0000  1920 bytes for ./Payload/HaroonAdvisors.app/assets/assets/images/global/icons/personal.png
copying file ./Payload/HaroonAdvisors.app/assets/assets/images/global/icons/fairtrade.png ... 
2025-10-18 23:00:58 +0000  2001 bytes for ./Payload/HaroonAdvisors.app/assets/assets/images/global/icons/fairtrade.png
copying file ./Payload/HaroonAdvisors.app/assets/assets/images/global/icons/scheme.png ... 
2025-10-18 23:00:58 +0000  846 bytes for ./Payload/HaroonAdvisors.app/assets/assets/images/global/icons/scheme.png
copying file ./Payload/HaroonAdvisors.app/assets/assets/images/global/dark-icon.png ... 
2025-10-18 23:00:58 +0000  10771 bytes for ./Payload/HaroonAdvisors.app/assets/assets/images/global/dark-icon.png
copying file ./Payload/HaroonAdvisors.app/assets/assets/images/global/chat-background.png ... 
2025-10-18 23:00:58 +0000  61091 bytes for ./Payload/HaroonAdvisors.app/assets/assets/images/global/chat-background.png
copying file ./Payload/HaroonAdvisors.app/assets/assets/images/global/light-icon.png ... 
2025-10-18 23:00:58 +0000  10771 bytes for ./Payload/HaroonAdvisors.app/assets/assets/images/global/light-icon.png
copying file ./Payload/HaroonAdvisors.app/assets/assets/images/global/google.png ... 
2025-10-18 23:00:58 +0000  10950 bytes for ./Payload/HaroonAdvisors.app/assets/assets/images/global/google.png
copying file ./Payload/HaroonAdvisors.app/assets/assets/images/global/darker-logo.png ... 
2025-10-18 23:00:58 +0000  2397 bytes for ./Payload/HaroonAdvisors.app/assets/assets/images/global/darker-logo.png
copying file ./Payload/HaroonAdvisors.app/assets/assets/images/global/bg-shape.png ... 
2025-10-18 23:00:58 +0000  6004 bytes for ./Payload/HaroonAdvisors.app/assets/assets/images/global/bg-shape.png
2025-10-18 23:00:58 +0000  copying file ./Payload/HaroonAdvisors.app/assets/assets/images/splash-icon.png ... 
2025-10-18 23:00:58 +0000  16975 bytes for ./Payload/HaroonAdvisors.app/assets/assets/images/splash-icon.png
2025-10-18 23:00:58 +0000  copying file ./Payload/HaroonAdvisors.app/assets/assets/fonts/ElMessiri-Regular.ttf ... 
2025-10-18 23:00:58 +0000  86460 bytes for ./Payload/HaroonAdvisors.app/assets/assets/fonts/ElMessiri-Regular.ttf
copying file ./Payload/HaroonAdvisors.app/assets/assets/fonts/Nunito-Regular.ttf ... 
2025-10-18 23:00:58 +0000  132204 bytes for ./Payload/HaroonAdvisors.app/assets/assets/fonts/Nunito-Regular.ttf
2025-10-18 23:00:58 +0000  copying file ./Payload/HaroonAdvisors.app/Info.plist ... 
2515 bytes for ./Payload/HaroonAdvisors.app/Info.plist
copying file ./Payload/HaroonAdvisors.app/Expo.plist ... 
2025-10-18 23:00:58 +0000  132 bytes for ./Payload/HaroonAdvisors.app/Expo.plist
copying file ./Payload/HaroonAdvisors.app/RNCAsyncStorage_resources.bundle/PrivacyInfo.xcprivacy ... 
2025-10-18 23:00:58 +0000  512 bytes for ./Payload/HaroonAdvisors.app/RNCAsyncStorage_resources.bundle/PrivacyInfo.xcprivacy
copying file ./Payload/HaroonAdvisors.app/RNCAsyncStorage_resources.bundle/Info.plist ... 
800 bytes for ./Payload/HaroonAdvisors.app/RNCAsyncStorage_resources.bundle/Info.plist
copying file ./Payload/HaroonAdvisors.app/PkgInfo ... 
2025-10-18 23:00:58 +0000  8 bytes for ./Payload/HaroonAdvisors.app/PkgInfo
copying file ./Payload/HaroonAdvisors.app/React-Core_privacy.bundle/PrivacyInfo.xcprivacy ... 
768 bytes for ./Payload/HaroonAdvisors.app/React-Core_privacy.bundle/PrivacyInfo.xcprivacy
copying file ./Payload/HaroonAdvisors.app/React-Core_privacy.bundle/Info.plist ... 
2025-10-18 23:00:58 +0000  786 bytes for ./Payload/HaroonAdvisors.app/React-Core_privacy.bundle/Info.plist
2025-10-18 23:00:58 +0000  /usr/bin/ditto exited with 0
2025-10-18 23:00:58 +0000  Processing step: IDEDistributionAppStoreInformationStep
2025-10-18 23:00:58 +0000  Skipping step: IDEDistributionAppStoreInformationStep because it said so
2025-10-18 23:00:58 +0000  Processing step: IDEDistributionGenerateProcessedDistributionItems
2025-10-18 23:00:58 +0000  IDEDistributionItem init <DVTFilePath:0x600008124cb0:'/var/folders/mg/p_q2g1016s35lb8qsk419hjc0000gn/T/XcodeDistPipeline.~~~5APKi8/Root/Payload/HaroonAdvisors.app/Frameworks/zm_annoter_dynamic.framework'>
2025-10-18 23:00:58 +0000  IDEDistributionItem init <DVTFilePath:0x600008127790:'/var/folders/mg/p_q2g1016s35lb8qsk419hjc0000gn/T/XcodeDistPipeline.~~~5APKi8/Root/Payload/HaroonAdvisors.app/Frameworks/CptShare.framework'>
2025-10-18 23:00:58 +0000  IDEDistributionItem init <DVTFilePath:0x6000101bad10:'/var/folders/mg/p_q2g1016s35lb8qsk419hjc0000gn/T/XcodeDistPipeline.~~~5APKi8/Root/Payload/HaroonAdvisors.app/Frameworks/zoomcml.framework'>
2025-10-18 23:00:58 +0000  IDEDistributionItem init <DVTFilePath:0x6000101baae0:'/var/folders/mg/p_q2g1016s35lb8qsk419hjc0000gn/T/XcodeDistPipeline.~~~5APKi8/Root/Payload/HaroonAdvisors.app/Frameworks/hermes.framework'>
2025-10-18 23:00:58 +0000  IDEDistributionItem init <DVTFilePath:0x600008125810:'/var/folders/mg/p_q2g1016s35lb8qsk419hjc0000gn/T/XcodeDistPipeline.~~~5APKi8/Root/Payload/HaroonAdvisors.app/Frameworks/ZoomVideoSDK.framework'>
2025-10-18 23:00:58 +0000  IDEDistributionItem init <DVTFilePath:0x60000810b720:'/var/folders/mg/p_q2g1016s35lb8qsk419hjc0000gn/T/XcodeDistPipeline.~~~5APKi8/Root/Payload/HaroonAdvisors.app'>
2025-10-18 23:00:58 +0000  Processing step: IDEDistributionCreateManifestStep
